/srv/tmp/kyle/miniconda3/envs/jax/lib/python3.9/site-packages/ehtim/__init__.py:56: UserWarning: pkg_resources is deprecated as an API. See https://setuptools.pypa.io/en/latest/pkg_resources.html. The pkg_resources package is slated for removal as early as 2025-11-30. Refrain from using this package or pin to Setuptools<81.
  import pkg_resources
/srv/tmp/kyle/miniconda3/envs/jax/lib/python3.9/site-packages/ehtim/__init__.py:56: UserWarning: pkg_resources is deprecated as an API. See https://setuptools.pypa.io/en/latest/pkg_resources.html. The pkg_resources package is slated for removal as early as 2025-11-30. Refrain from using this package or pin to Setuptools<81.
  import pkg_resources
/srv/tmp/kyle/miniconda3/envs/jax/lib/python3.9/site-packages/ehtim/__init__.py:56: UserWarning: pkg_resources is deprecated as an API. See https://setuptools.pypa.io/en/latest/pkg_resources.html. The pkg_resources package is slated for removal as early as 2025-11-30. Refrain from using this package or pin to Setuptools<81.
  import pkg_resources
/srv/tmp/kyle/miniconda3/envs/jax/lib/python3.9/site-packages/ehtim/__init__.py:56: UserWarning: pkg_resources is deprecated as an API. See https://setuptools.pypa.io/en/latest/pkg_resources.html. The pkg_resources package is slated for removal as early as 2025-11-30. Refrain from using this package or pin to Setuptools<81.
  import pkg_resources
WARNING:absl:Tensorflow library not found, tensorflow.io.gfile operations will use native shim calls. GCS paths (i.e. 'gs://...') cannot be accessed.
WARNING:absl:Tensorflow library not found, tensorflow.io.gfile operations will use native shim calls. GCS paths (i.e. 'gs://...') cannot be accessed.
WARNING:absl:Tensorflow library not found, tensorflow.io.gfile operations will use native shim calls. GCS paths (i.e. 'gs://...') cannot be accessed.
WARNING:absl:Tensorflow library not found, tensorflow.io.gfile operations will use native shim calls. GCS paths (i.e. 'gs://...') cannot be accessed.
/srv/tmp/kyle/miniconda3/envs/jax/lib/python3.9/site-packages/xarray/core/computation.py:821: RuntimeWarning: invalid value encountered in sqrt
  result_data = func(*input_data)
/srv/tmp/kyle/miniconda3/envs/jax/lib/python3.9/site-packages/xarray/core/computation.py:821: RuntimeWarning: invalid value encountered in sqrt
  result_data = func(*input_data)
/srv/tmp/kyle/miniconda3/envs/jax/lib/python3.9/site-packages/xarray/core/computation.py:821: RuntimeWarning: invalid value encountered in sqrt
  result_data = func(*input_data)
/srv/tmp/kyle/miniconda3/envs/jax/lib/python3.9/site-packages/xarray/core/computation.py:821: RuntimeWarning: invalid value encountered in sqrt
  result_data = func(*input_data)
2025-07-25 12:40:39.866664: W external/xla/xla/service/gpu/nvptx_compiler.cc:765] The NVIDIA driver's CUDA version is 12.2 which is older than the ptxas CUDA version (12.9.86). Because the driver is older than the ptxas version, XLA is disabling parallel compilation, which may slow down compilation. You should update your NVIDIA driver or use the NVIDIA-provided CUDA forward compatibility packages.
2025-07-25 12:40:39.866696: W external/xla/xla/service/gpu/nvptx_compiler.cc:765] The NVIDIA driver's CUDA version is 12.2 which is older than the ptxas CUDA version (12.9.86). Because the driver is older than the ptxas version, XLA is disabling parallel compilation, which may slow down compilation. You should update your NVIDIA driver or use the NVIDIA-provided CUDA forward compatibility packages.
2025-07-25 12:40:39.866680: W external/xla/xla/service/gpu/nvptx_compiler.cc:765] The NVIDIA driver's CUDA version is 12.2 which is older than the ptxas CUDA version (12.9.86). Because the driver is older than the ptxas version, XLA is disabling parallel compilation, which may slow down compilation. You should update your NVIDIA driver or use the NVIDIA-provided CUDA forward compatibility packages.
/srv/tmp/kyle/miniconda3/envs/jax/lib/python3.9/site-packages/xarray/core/computation.py:821: RuntimeWarning: invalid value encountered in sqrt
  result_data = func(*input_data)
/srv/tmp/kyle/miniconda3/envs/jax/lib/python3.9/site-packages/xarray/core/computation.py:821: RuntimeWarning: invalid value encountered in sqrt
  result_data = func(*input_data)
/srv/tmp/kyle/miniconda3/envs/jax/lib/python3.9/site-packages/xarray/core/computation.py:821: RuntimeWarning: invalid value encountered in sqrt
  result_data = func(*input_data)
2025-07-25 12:40:48.173838: W external/xla/xla/service/gpu/nvptx_compiler.cc:765] The NVIDIA driver's CUDA version is 12.2 which is older than the ptxas CUDA version (12.9.86). Because the driver is older than the ptxas version, XLA is disabling parallel compilation, which may slow down compilation. You should update your NVIDIA driver or use the NVIDIA-provided CUDA forward compatibility packages.
/srv/tmp/kyle/miniconda3/envs/jax/lib/python3.9/site-packages/xarray/core/computation.py:821: RuntimeWarning: invalid value encountered in sqrt
  result_data = func(*input_data)
WARNING:absl:The `aggregate` option is deprecated and will be ignored.
Welcome to eht-imaging! v 1.2.4 

Producing clean visibilities from movie with direct FT . . . 
Applying Jones Matrices to data . . . 
Adding thermal noise to data . . . 
Applying a priori calibration with estimated Jones matrices . . . 
Splitting Observation File into 64 times
WARNING:absl:The `aggregate` option is deprecated and will be ignored.
Welcome to eht-imaging! v 1.2.4 

Producing clean visibilities from movie with direct FT . . . 
Applying Jones Matrices to data . . . 
Adding thermal noise to data . . . 
Applying a priori calibration with estimated Jones matrices . . . 
Splitting Observation File into 64 times
WARNING:absl:The `aggregate` option is deprecated and will be ignored.
Welcome to eht-imaging! v 1.2.4 

Producing clean visibilities from movie with direct FT . . . 
Applying Jones Matrices to data . . . 
Adding thermal noise to data . . . 
Applying a priori calibration with estimated Jones matrices . . . 
Splitting Observation File into 64 times
/srv/tmp/kyle/miniconda3/envs/jax/lib/python3.9/site-packages/ehtim/__init__.py:56: UserWarning: pkg_resources is deprecated as an API. See https://setuptools.pypa.io/en/latest/pkg_resources.html. The pkg_resources package is slated for removal as early as 2025-11-30. Refrain from using this package or pin to Setuptools<81.
  import pkg_resources
/srv/tmp/kyle/miniconda3/envs/jax/lib/python3.9/site-packages/ehtim/__init__.py:56: UserWarning: pkg_resources is deprecated as an API. See https://setuptools.pypa.io/en/latest/pkg_resources.html. The pkg_resources package is slated for removal as early as 2025-11-30. Refrain from using this package or pin to Setuptools<81.
  import pkg_resources
WARNING:absl:Tensorflow library not found, tensorflow.io.gfile operations will use native shim calls. GCS paths (i.e. 'gs://...') cannot be accessed.
WARNING:absl:Tensorflow library not found, tensorflow.io.gfile operations will use native shim calls. GCS paths (i.e. 'gs://...') cannot be accessed.
/srv/tmp/kyle/miniconda3/envs/jax/lib/python3.9/site-packages/ehtim/__init__.py:56: UserWarning: pkg_resources is deprecated as an API. See https://setuptools.pypa.io/en/latest/pkg_resources.html. The pkg_resources package is slated for removal as early as 2025-11-30. Refrain from using this package or pin to Setuptools<81.
  import pkg_resources
WARNING:absl:Tensorflow library not found, tensorflow.io.gfile operations will use native shim calls. GCS paths (i.e. 'gs://...') cannot be accessed.
/srv/tmp/kyle/miniconda3/envs/jax/lib/python3.9/site-packages/xarray/core/computation.py:821: RuntimeWarning: invalid value encountered in sqrt
  result_data = func(*input_data)
/srv/tmp/kyle/miniconda3/envs/jax/lib/python3.9/site-packages/xarray/core/computation.py:821: RuntimeWarning: invalid value encountered in sqrt
  result_data = func(*input_data)
/srv/tmp/kyle/miniconda3/envs/jax/lib/python3.9/site-packages/xarray/core/computation.py:821: RuntimeWarning: invalid value encountered in sqrt
  result_data = func(*input_data)
2025-07-25 12:59:09.824038: W external/xla/xla/service/gpu/nvptx_compiler.cc:765] The NVIDIA driver's CUDA version is 12.2 which is older than the ptxas CUDA version (12.9.86). Because the driver is older than the ptxas version, XLA is disabling parallel compilation, which may slow down compilation. You should update your NVIDIA driver or use the NVIDIA-provided CUDA forward compatibility packages.
/srv/tmp/kyle/miniconda3/envs/jax/lib/python3.9/site-packages/xarray/core/computation.py:821: RuntimeWarning: invalid value encountered in sqrt
  result_data = func(*input_data)
2025-07-25 12:59:13.640591: W external/xla/xla/service/gpu/nvptx_compiler.cc:765] The NVIDIA driver's CUDA version is 12.2 which is older than the ptxas CUDA version (12.9.86). Because the driver is older than the ptxas version, XLA is disabling parallel compilation, which may slow down compilation. You should update your NVIDIA driver or use the NVIDIA-provided CUDA forward compatibility packages.
2025-07-25 12:59:13.640608: W external/xla/xla/service/gpu/nvptx_compiler.cc:765] The NVIDIA driver's CUDA version is 12.2 which is older than the ptxas CUDA version (12.9.86). Because the driver is older than the ptxas version, XLA is disabling parallel compilation, which may slow down compilation. You should update your NVIDIA driver or use the NVIDIA-provided CUDA forward compatibility packages.
/srv/tmp/kyle/miniconda3/envs/jax/lib/python3.9/site-packages/xarray/core/computation.py:821: RuntimeWarning: invalid value encountered in sqrt
  result_data = func(*input_data)
/srv/tmp/kyle/miniconda3/envs/jax/lib/python3.9/site-packages/xarray/core/computation.py:821: RuntimeWarning: invalid value encountered in sqrt
  result_data = func(*input_data)
WARNING:absl:The `aggregate` option is deprecated and will be ignored.
Welcome to eht-imaging! v 1.2.4 

Producing clean visibilities from movie with direct FT . . . 
Applying Jones Matrices to data . . . 
Adding thermal noise to data . . . 
Applying a priori calibration with estimated Jones matrices . . . 
Splitting Observation File into 64 times
/srv/tmp/kyle/miniconda3/envs/jax/lib/python3.9/site-packages/ehtim/__init__.py:56: UserWarning: pkg_resources is deprecated as an API. See https://setuptools.pypa.io/en/latest/pkg_resources.html. The pkg_resources package is slated for removal as early as 2025-11-30. Refrain from using this package or pin to Setuptools<81.
  import pkg_resources
WARNING:absl:Tensorflow library not found, tensorflow.io.gfile operations will use native shim calls. GCS paths (i.e. 'gs://...') cannot be accessed.
/srv/tmp/kyle/miniconda3/envs/jax/lib/python3.9/site-packages/xarray/core/computation.py:821: RuntimeWarning: invalid value encountered in sqrt
  result_data = func(*input_data)
2025-07-25 13:09:16.173437: W external/xla/xla/service/gpu/nvptx_compiler.cc:765] The NVIDIA driver's CUDA version is 12.2 which is older than the ptxas CUDA version (12.9.86). Because the driver is older than the ptxas version, XLA is disabling parallel compilation, which may slow down compilation. You should update your NVIDIA driver or use the NVIDIA-provided CUDA forward compatibility packages.
/srv/tmp/kyle/miniconda3/envs/jax/lib/python3.9/site-packages/xarray/core/computation.py:821: RuntimeWarning: invalid value encountered in sqrt
  result_data = func(*input_data)
WARNING:absl:The `aggregate` option is deprecated and will be ignored.
Welcome to eht-imaging! v 1.2.4 

Producing clean visibilities from movie with direct FT . . . 
Applying Jones Matrices to data . . . 
Adding thermal noise to data . . . 
Applying a priori calibration with estimated Jones matrices . . . 
Splitting Observation File into 64 times
WARNING:absl:The `aggregate` option is deprecated and will be ignored.
Welcome to eht-imaging! v 1.2.4 

Producing clean visibilities from movie with direct FT . . . 
Applying Jones Matrices to data . . . 
Adding thermal noise to data . . . 
Applying a priori calibration with estimated Jones matrices . . . 
Splitting Observation File into 64 times
WARNING:absl:The `aggregate` option is deprecated and will be ignored.
Welcome to eht-imaging! v 1.2.4 

Producing clean visibilities from movie with direct FT . . . 
Applying Jones Matrices to data . . . 
Adding thermal noise to data . . . 
Applying a priori calibration with estimated Jones matrices . . . 
Splitting Observation File into 64 times
/srv/tmp/kyle/miniconda3/envs/jax/lib/python3.9/site-packages/ehtim/__init__.py:56: UserWarning: pkg_resources is deprecated as an API. See https://setuptools.pypa.io/en/latest/pkg_resources.html. The pkg_resources package is slated for removal as early as 2025-11-30. Refrain from using this package or pin to Setuptools<81.
  import pkg_resources
WARNING:absl:Tensorflow library not found, tensorflow.io.gfile operations will use native shim calls. GCS paths (i.e. 'gs://...') cannot be accessed.
/srv/tmp/kyle/miniconda3/envs/jax/lib/python3.9/site-packages/ehtim/__init__.py:56: UserWarning: pkg_resources is deprecated as an API. See https://setuptools.pypa.io/en/latest/pkg_resources.html. The pkg_resources package is slated for removal as early as 2025-11-30. Refrain from using this package or pin to Setuptools<81.
  import pkg_resources
/srv/tmp/kyle/miniconda3/envs/jax/lib/python3.9/site-packages/ehtim/__init__.py:56: UserWarning: pkg_resources is deprecated as an API. See https://setuptools.pypa.io/en/latest/pkg_resources.html. The pkg_resources package is slated for removal as early as 2025-11-30. Refrain from using this package or pin to Setuptools<81.
  import pkg_resources
WARNING:absl:Tensorflow library not found, tensorflow.io.gfile operations will use native shim calls. GCS paths (i.e. 'gs://...') cannot be accessed.
WARNING:absl:Tensorflow library not found, tensorflow.io.gfile operations will use native shim calls. GCS paths (i.e. 'gs://...') cannot be accessed.
/srv/tmp/kyle/miniconda3/envs/jax/lib/python3.9/site-packages/xarray/core/computation.py:821: RuntimeWarning: invalid value encountered in sqrt
  result_data = func(*input_data)
/srv/tmp/kyle/miniconda3/envs/jax/lib/python3.9/site-packages/xarray/core/computation.py:821: RuntimeWarning: invalid value encountered in sqrt
  result_data = func(*input_data)
/srv/tmp/kyle/miniconda3/envs/jax/lib/python3.9/site-packages/xarray/core/computation.py:821: RuntimeWarning: invalid value encountered in sqrt
  result_data = func(*input_data)
2025-07-25 13:17:54.735921: W external/xla/xla/service/gpu/nvptx_compiler.cc:765] The NVIDIA driver's CUDA version is 12.2 which is older than the ptxas CUDA version (12.9.86). Because the driver is older than the ptxas version, XLA is disabling parallel compilation, which may slow down compilation. You should update your NVIDIA driver or use the NVIDIA-provided CUDA forward compatibility packages.
/srv/tmp/kyle/miniconda3/envs/jax/lib/python3.9/site-packages/xarray/core/computation.py:821: RuntimeWarning: invalid value encountered in sqrt
  result_data = func(*input_data)
2025-07-25 13:17:59.640486: W external/xla/xla/service/gpu/nvptx_compiler.cc:765] The NVIDIA driver's CUDA version is 12.2 which is older than the ptxas CUDA version (12.9.86). Because the driver is older than the ptxas version, XLA is disabling parallel compilation, which may slow down compilation. You should update your NVIDIA driver or use the NVIDIA-provided CUDA forward compatibility packages.
/srv/tmp/kyle/miniconda3/envs/jax/lib/python3.9/site-packages/xarray/core/computation.py:821: RuntimeWarning: invalid value encountered in sqrt
  result_data = func(*input_data)
2025-07-25 13:18:03.909329: W external/xla/xla/service/gpu/nvptx_compiler.cc:765] The NVIDIA driver's CUDA version is 12.2 which is older than the ptxas CUDA version (12.9.86). Because the driver is older than the ptxas version, XLA is disabling parallel compilation, which may slow down compilation. You should update your NVIDIA driver or use the NVIDIA-provided CUDA forward compatibility packages.
/srv/tmp/kyle/miniconda3/envs/jax/lib/python3.9/site-packages/xarray/core/computation.py:821: RuntimeWarning: invalid value encountered in sqrt
  result_data = func(*input_data)
WARNING:absl:The `aggregate` option is deprecated and will be ignored.
Welcome to eht-imaging! v 1.2.4 

Producing clean visibilities from movie with direct FT . . . 
Applying Jones Matrices to data . . . 
Adding thermal noise to data . . . 
Applying a priori calibration with estimated Jones matrices . . . 
Splitting Observation File into 64 times
/srv/tmp/kyle/miniconda3/envs/jax/lib/python3.9/site-packages/ehtim/__init__.py:56: UserWarning: pkg_resources is deprecated as an API. See https://setuptools.pypa.io/en/latest/pkg_resources.html. The pkg_resources package is slated for removal as early as 2025-11-30. Refrain from using this package or pin to Setuptools<81.
  import pkg_resources
WARNING:absl:Tensorflow library not found, tensorflow.io.gfile operations will use native shim calls. GCS paths (i.e. 'gs://...') cannot be accessed.
WARNING:absl:The `aggregate` option is deprecated and will be ignored.
Welcome to eht-imaging! v 1.2.4 

Producing clean visibilities from movie with direct FT . . . 
Applying Jones Matrices to data . . . 
Adding thermal noise to data . . . 
Applying a priori calibration with estimated Jones matrices . . . 
Splitting Observation File into 64 times
/srv/tmp/kyle/miniconda3/envs/jax/lib/python3.9/site-packages/xarray/core/computation.py:821: RuntimeWarning: invalid value encountered in sqrt
  result_data = func(*input_data)
WARNING:absl:The `aggregate` option is deprecated and will be ignored.
Welcome to eht-imaging! v 1.2.4 

Producing clean visibilities from movie with direct FT . . . 
Applying Jones Matrices to data . . . 
Adding thermal noise to data . . . 
Applying a priori calibration with estimated Jones matrices . . . 
Splitting Observation File into 64 times
WARNING:absl:The `aggregate` option is deprecated and will be ignored.
Welcome to eht-imaging! v 1.2.4 

Producing clean visibilities from movie with direct FT . . . 
Applying Jones Matrices to data . . . 
Adding thermal noise to data . . . 
Applying a priori calibration with estimated Jones matrices . . . 
Splitting Observation File into 64 times
2025-07-25 13:36:07.134000: W external/xla/xla/service/gpu/nvptx_compiler.cc:765] The NVIDIA driver's CUDA version is 12.2 which is older than the ptxas CUDA version (12.9.86). Because the driver is older than the ptxas version, XLA is disabling parallel compilation, which may slow down compilation. You should update your NVIDIA driver or use the NVIDIA-provided CUDA forward compatibility packages.
/srv/tmp/kyle/miniconda3/envs/jax/lib/python3.9/site-packages/xarray/core/computation.py:821: RuntimeWarning: invalid value encountered in sqrt
  result_data = func(*input_data)
/srv/tmp/kyle/miniconda3/envs/jax/lib/python3.9/site-packages/ehtim/__init__.py:56: UserWarning: pkg_resources is deprecated as an API. See https://setuptools.pypa.io/en/latest/pkg_resources.html. The pkg_resources package is slated for removal as early as 2025-11-30. Refrain from using this package or pin to Setuptools<81.
  import pkg_resources
WARNING:absl:Tensorflow library not found, tensorflow.io.gfile operations will use native shim calls. GCS paths (i.e. 'gs://...') cannot be accessed.
/srv/tmp/kyle/miniconda3/envs/jax/lib/python3.9/site-packages/ehtim/__init__.py:56: UserWarning: pkg_resources is deprecated as an API. See https://setuptools.pypa.io/en/latest/pkg_resources.html. The pkg_resources package is slated for removal as early as 2025-11-30. Refrain from using this package or pin to Setuptools<81.
  import pkg_resources
/srv/tmp/kyle/miniconda3/envs/jax/lib/python3.9/site-packages/ehtim/__init__.py:56: UserWarning: pkg_resources is deprecated as an API. See https://setuptools.pypa.io/en/latest/pkg_resources.html. The pkg_resources package is slated for removal as early as 2025-11-30. Refrain from using this package or pin to Setuptools<81.
  import pkg_resources
WARNING:absl:Tensorflow library not found, tensorflow.io.gfile operations will use native shim calls. GCS paths (i.e. 'gs://...') cannot be accessed.
WARNING:absl:Tensorflow library not found, tensorflow.io.gfile operations will use native shim calls. GCS paths (i.e. 'gs://...') cannot be accessed.
/srv/tmp/kyle/miniconda3/envs/jax/lib/python3.9/site-packages/xarray/core/computation.py:821: RuntimeWarning: invalid value encountered in sqrt
  result_data = func(*input_data)
/srv/tmp/kyle/miniconda3/envs/jax/lib/python3.9/site-packages/xarray/core/computation.py:821: RuntimeWarning: invalid value encountered in sqrt
  result_data = func(*input_data)
/srv/tmp/kyle/miniconda3/envs/jax/lib/python3.9/site-packages/xarray/core/computation.py:821: RuntimeWarning: invalid value encountered in sqrt
  result_data = func(*input_data)
2025-07-25 13:36:45.929356: W external/xla/xla/service/gpu/nvptx_compiler.cc:765] The NVIDIA driver's CUDA version is 12.2 which is older than the ptxas CUDA version (12.9.86). Because the driver is older than the ptxas version, XLA is disabling parallel compilation, which may slow down compilation. You should update your NVIDIA driver or use the NVIDIA-provided CUDA forward compatibility packages.
/srv/tmp/kyle/miniconda3/envs/jax/lib/python3.9/site-packages/xarray/core/computation.py:821: RuntimeWarning: invalid value encountered in sqrt
  result_data = func(*input_data)
2025-07-25 13:36:47.534701: W external/xla/xla/service/gpu/nvptx_compiler.cc:765] The NVIDIA driver's CUDA version is 12.2 which is older than the ptxas CUDA version (12.9.86). Because the driver is older than the ptxas version, XLA is disabling parallel compilation, which may slow down compilation. You should update your NVIDIA driver or use the NVIDIA-provided CUDA forward compatibility packages.
/srv/tmp/kyle/miniconda3/envs/jax/lib/python3.9/site-packages/xarray/core/computation.py:821: RuntimeWarning: invalid value encountered in sqrt
  result_data = func(*input_data)
2025-07-25 13:36:49.561593: W external/xla/xla/service/gpu/nvptx_compiler.cc:765] The NVIDIA driver's CUDA version is 12.2 which is older than the ptxas CUDA version (12.9.86). Because the driver is older than the ptxas version, XLA is disabling parallel compilation, which may slow down compilation. You should update your NVIDIA driver or use the NVIDIA-provided CUDA forward compatibility packages.
/srv/tmp/kyle/miniconda3/envs/jax/lib/python3.9/site-packages/xarray/core/computation.py:821: RuntimeWarning: invalid value encountered in sqrt
  result_data = func(*input_data)
WARNING:absl:The `aggregate` option is deprecated and will be ignored.
Welcome to eht-imaging! v 1.2.4 

Producing clean visibilities from movie with direct FT . . . 
Applying Jones Matrices to data . . . 
Adding thermal noise to data . . . 
Applying a priori calibration with estimated Jones matrices . . . 
Splitting Observation File into 64 times
/srv/tmp/kyle/miniconda3/envs/jax/lib/python3.9/site-packages/ehtim/__init__.py:56: UserWarning: pkg_resources is deprecated as an API. See https://setuptools.pypa.io/en/latest/pkg_resources.html. The pkg_resources package is slated for removal as early as 2025-11-30. Refrain from using this package or pin to Setuptools<81.
  import pkg_resources
WARNING:absl:Tensorflow library not found, tensorflow.io.gfile operations will use native shim calls. GCS paths (i.e. 'gs://...') cannot be accessed.
WARNING:absl:The `aggregate` option is deprecated and will be ignored.
Welcome to eht-imaging! v 1.2.4 

Producing clean visibilities from movie with direct FT . . . 
Applying Jones Matrices to data . . . 
Adding thermal noise to data . . . 
Applying a priori calibration with estimated Jones matrices . . . 
Splitting Observation File into 64 times
WARNING:absl:The `aggregate` option is deprecated and will be ignored.
Welcome to eht-imaging! v 1.2.4 

Producing clean visibilities from movie with direct FT . . . 
Applying Jones Matrices to data . . . 
Adding thermal noise to data . . . 
Applying a priori calibration with estimated Jones matrices . . . 
Splitting Observation File into 64 times
WARNING:absl:The `aggregate` option is deprecated and will be ignored.
Welcome to eht-imaging! v 1.2.4 

Producing clean visibilities from movie with direct FT . . . 
Applying Jones Matrices to data . . . 
Adding thermal noise to data . . . 
Applying a priori calibration with estimated Jones matrices . . . 
Splitting Observation File into 64 times
/srv/tmp/kyle/miniconda3/envs/jax/lib/python3.9/site-packages/xarray/core/computation.py:821: RuntimeWarning: invalid value encountered in sqrt
  result_data = func(*input_data)
2025-07-25 13:55:36.527144: W external/xla/xla/service/gpu/nvptx_compiler.cc:765] The NVIDIA driver's CUDA version is 12.2 which is older than the ptxas CUDA version (12.9.86). Because the driver is older than the ptxas version, XLA is disabling parallel compilation, which may slow down compilation. You should update your NVIDIA driver or use the NVIDIA-provided CUDA forward compatibility packages.
/srv/tmp/kyle/miniconda3/envs/jax/lib/python3.9/site-packages/xarray/core/computation.py:821: RuntimeWarning: invalid value encountered in sqrt
  result_data = func(*input_data)
/srv/tmp/kyle/miniconda3/envs/jax/lib/python3.9/site-packages/ehtim/__init__.py:56: UserWarning: pkg_resources is deprecated as an API. See https://setuptools.pypa.io/en/latest/pkg_resources.html. The pkg_resources package is slated for removal as early as 2025-11-30. Refrain from using this package or pin to Setuptools<81.
  import pkg_resources
/srv/tmp/kyle/miniconda3/envs/jax/lib/python3.9/site-packages/ehtim/__init__.py:56: UserWarning: pkg_resources is deprecated as an API. See https://setuptools.pypa.io/en/latest/pkg_resources.html. The pkg_resources package is slated for removal as early as 2025-11-30. Refrain from using this package or pin to Setuptools<81.
  import pkg_resources
/srv/tmp/kyle/miniconda3/envs/jax/lib/python3.9/site-packages/ehtim/__init__.py:56: UserWarning: pkg_resources is deprecated as an API. See https://setuptools.pypa.io/en/latest/pkg_resources.html. The pkg_resources package is slated for removal as early as 2025-11-30. Refrain from using this package or pin to Setuptools<81.
  import pkg_resources
WARNING:absl:Tensorflow library not found, tensorflow.io.gfile operations will use native shim calls. GCS paths (i.e. 'gs://...') cannot be accessed.
WARNING:absl:Tensorflow library not found, tensorflow.io.gfile operations will use native shim calls. GCS paths (i.e. 'gs://...') cannot be accessed.
WARNING:absl:Tensorflow library not found, tensorflow.io.gfile operations will use native shim calls. GCS paths (i.e. 'gs://...') cannot be accessed.
/srv/tmp/kyle/miniconda3/envs/jax/lib/python3.9/site-packages/xarray/core/computation.py:821: RuntimeWarning: invalid value encountered in sqrt
  result_data = func(*input_data)
/srv/tmp/kyle/miniconda3/envs/jax/lib/python3.9/site-packages/xarray/core/computation.py:821: RuntimeWarning: invalid value encountered in sqrt
  result_data = func(*input_data)
/srv/tmp/kyle/miniconda3/envs/jax/lib/python3.9/site-packages/xarray/core/computation.py:821: RuntimeWarning: invalid value encountered in sqrt
  result_data = func(*input_data)
2025-07-25 13:56:15.700295: W external/xla/xla/service/gpu/nvptx_compiler.cc:765] The NVIDIA driver's CUDA version is 12.2 which is older than the ptxas CUDA version (12.9.86). Because the driver is older than the ptxas version, XLA is disabling parallel compilation, which may slow down compilation. You should update your NVIDIA driver or use the NVIDIA-provided CUDA forward compatibility packages.
2025-07-25 13:56:15.700496: W external/xla/xla/service/gpu/nvptx_compiler.cc:765] The NVIDIA driver's CUDA version is 12.2 which is older than the ptxas CUDA version (12.9.86). Because the driver is older than the ptxas version, XLA is disabling parallel compilation, which may slow down compilation. You should update your NVIDIA driver or use the NVIDIA-provided CUDA forward compatibility packages.
/srv/tmp/kyle/miniconda3/envs/jax/lib/python3.9/site-packages/xarray/core/computation.py:821: RuntimeWarning: invalid value encountered in sqrt
  result_data = func(*input_data)
/srv/tmp/kyle/miniconda3/envs/jax/lib/python3.9/site-packages/xarray/core/computation.py:821: RuntimeWarning: invalid value encountered in sqrt
  result_data = func(*input_data)
2025-07-25 13:56:16.940941: W external/xla/xla/service/gpu/nvptx_compiler.cc:765] The NVIDIA driver's CUDA version is 12.2 which is older than the ptxas CUDA version (12.9.86). Because the driver is older than the ptxas version, XLA is disabling parallel compilation, which may slow down compilation. You should update your NVIDIA driver or use the NVIDIA-provided CUDA forward compatibility packages.
/srv/tmp/kyle/miniconda3/envs/jax/lib/python3.9/site-packages/xarray/core/computation.py:821: RuntimeWarning: invalid value encountered in sqrt
  result_data = func(*input_data)
WARNING:absl:The `aggregate` option is deprecated and will be ignored.
Welcome to eht-imaging! v 1.2.4 

Producing clean visibilities from movie with direct FT . . . 
Applying Jones Matrices to data . . . 
Adding thermal noise to data . . . 
Applying a priori calibration with estimated Jones matrices . . . 
Splitting Observation File into 64 times
WARNING:absl:The `aggregate` option is deprecated and will be ignored.
Welcome to eht-imaging! v 1.2.4 

Producing clean visibilities from movie with direct FT . . . 
Applying Jones Matrices to data . . . 
Adding thermal noise to data . . . 
Applying a priori calibration with estimated Jones matrices . . . 
Splitting Observation File into 64 times
WARNING:absl:The `aggregate` option is deprecated and will be ignored.
Welcome to eht-imaging! v 1.2.4 

Producing clean visibilities from movie with direct FT . . . 
Applying Jones Matrices to data . . . 
Adding thermal noise to data . . . 
Applying a priori calibration with estimated Jones matrices . . . 
Splitting Observation File into 64 times
WARNING:absl:The `aggregate` option is deprecated and will be ignored.
Welcome to eht-imaging! v 1.2.4 

Producing clean visibilities from movie with direct FT . . . 
Applying Jones Matrices to data . . . 
Adding thermal noise to data . . . 
Applying a priori calibration with estimated Jones matrices . . . 
Splitting Observation File into 64 times
/srv/tmp/kyle/miniconda3/envs/jax/lib/python3.9/site-packages/ehtim/__init__.py:56: UserWarning: pkg_resources is deprecated as an API. See https://setuptools.pypa.io/en/latest/pkg_resources.html. The pkg_resources package is slated for removal as early as 2025-11-30. Refrain from using this package or pin to Setuptools<81.
  import pkg_resources
/srv/tmp/kyle/miniconda3/envs/jax/lib/python3.9/site-packages/ehtim/__init__.py:56: UserWarning: pkg_resources is deprecated as an API. See https://setuptools.pypa.io/en/latest/pkg_resources.html. The pkg_resources package is slated for removal as early as 2025-11-30. Refrain from using this package or pin to Setuptools<81.
  import pkg_resources
/srv/tmp/kyle/miniconda3/envs/jax/lib/python3.9/site-packages/ehtim/__init__.py:56: UserWarning: pkg_resources is deprecated as an API. See https://setuptools.pypa.io/en/latest/pkg_resources.html. The pkg_resources package is slated for removal as early as 2025-11-30. Refrain from using this package or pin to Setuptools<81.
  import pkg_resources
WARNING:absl:Tensorflow library not found, tensorflow.io.gfile operations will use native shim calls. GCS paths (i.e. 'gs://...') cannot be accessed.
WARNING:absl:Tensorflow library not found, tensorflow.io.gfile operations will use native shim calls. GCS paths (i.e. 'gs://...') cannot be accessed.
WARNING:absl:Tensorflow library not found, tensorflow.io.gfile operations will use native shim calls. GCS paths (i.e. 'gs://...') cannot be accessed.
/srv/tmp/kyle/miniconda3/envs/jax/lib/python3.9/site-packages/ehtim/__init__.py:56: UserWarning: pkg_resources is deprecated as an API. See https://setuptools.pypa.io/en/latest/pkg_resources.html. The pkg_resources package is slated for removal as early as 2025-11-30. Refrain from using this package or pin to Setuptools<81.
  import pkg_resources
WARNING:absl:Tensorflow library not found, tensorflow.io.gfile operations will use native shim calls. GCS paths (i.e. 'gs://...') cannot be accessed.
/srv/tmp/kyle/miniconda3/envs/jax/lib/python3.9/site-packages/xarray/core/computation.py:821: RuntimeWarning: invalid value encountered in sqrt
  result_data = func(*input_data)
/srv/tmp/kyle/miniconda3/envs/jax/lib/python3.9/site-packages/xarray/core/computation.py:821: RuntimeWarning: invalid value encountered in sqrt
  result_data = func(*input_data)
/srv/tmp/kyle/miniconda3/envs/jax/lib/python3.9/site-packages/xarray/core/computation.py:821: RuntimeWarning: invalid value encountered in sqrt
  result_data = func(*input_data)
2025-07-25 14:15:29.236620: W external/xla/xla/service/gpu/nvptx_compiler.cc:765] The NVIDIA driver's CUDA version is 12.2 which is older than the ptxas CUDA version (12.9.86). Because the driver is older than the ptxas version, XLA is disabling parallel compilation, which may slow down compilation. You should update your NVIDIA driver or use the NVIDIA-provided CUDA forward compatibility packages.
2025-07-25 14:15:29.236709: W external/xla/xla/service/gpu/nvptx_compiler.cc:765] The NVIDIA driver's CUDA version is 12.2 which is older than the ptxas CUDA version (12.9.86). Because the driver is older than the ptxas version, XLA is disabling parallel compilation, which may slow down compilation. You should update your NVIDIA driver or use the NVIDIA-provided CUDA forward compatibility packages.
/srv/tmp/kyle/miniconda3/envs/jax/lib/python3.9/site-packages/xarray/core/computation.py:821: RuntimeWarning: invalid value encountered in sqrt
  result_data = func(*input_data)
/srv/tmp/kyle/miniconda3/envs/jax/lib/python3.9/site-packages/xarray/core/computation.py:821: RuntimeWarning: invalid value encountered in sqrt
  result_data = func(*input_data)
2025-07-25 14:15:31.002315: W external/xla/xla/service/gpu/nvptx_compiler.cc:765] The NVIDIA driver's CUDA version is 12.2 which is older than the ptxas CUDA version (12.9.86). Because the driver is older than the ptxas version, XLA is disabling parallel compilation, which may slow down compilation. You should update your NVIDIA driver or use the NVIDIA-provided CUDA forward compatibility packages.
/srv/tmp/kyle/miniconda3/envs/jax/lib/python3.9/site-packages/xarray/core/computation.py:821: RuntimeWarning: invalid value encountered in sqrt
  result_data = func(*input_data)
/srv/tmp/kyle/miniconda3/envs/jax/lib/python3.9/site-packages/xarray/core/computation.py:821: RuntimeWarning: invalid value encountered in sqrt
  result_data = func(*input_data)
2025-07-25 14:15:45.696758: W external/xla/xla/service/gpu/nvptx_compiler.cc:765] The NVIDIA driver's CUDA version is 12.2 which is older than the ptxas CUDA version (12.9.86). Because the driver is older than the ptxas version, XLA is disabling parallel compilation, which may slow down compilation. You should update your NVIDIA driver or use the NVIDIA-provided CUDA forward compatibility packages.
/srv/tmp/kyle/miniconda3/envs/jax/lib/python3.9/site-packages/xarray/core/computation.py:821: RuntimeWarning: invalid value encountered in sqrt
  result_data = func(*input_data)
WARNING:absl:The `aggregate` option is deprecated and will be ignored.
WARNING:absl:The `aggregate` option is deprecated and will be ignored.
Welcome to eht-imaging! v 1.2.4 

Producing clean visibilities from movie with direct FT . . . 
Applying Jones Matrices to data . . . 
Adding thermal noise to data . . . 
Applying a priori calibration with estimated Jones matrices . . . 
Splitting Observation File into 64 times
Welcome to eht-imaging! v 1.2.4 

Producing clean visibilities from movie with direct FT . . . 
Applying Jones Matrices to data . . . 
Adding thermal noise to data . . . 
Applying a priori calibration with estimated Jones matrices . . . 
Splitting Observation File into 64 times
WARNING:absl:The `aggregate` option is deprecated and will be ignored.
Welcome to eht-imaging! v 1.2.4 

Producing clean visibilities from movie with direct FT . . . 
Applying Jones Matrices to data . . . 
Adding thermal noise to data . . . 
Applying a priori calibration with estimated Jones matrices . . . 
Splitting Observation File into 64 times
WARNING:absl:The `aggregate` option is deprecated and will be ignored.
Welcome to eht-imaging! v 1.2.4 

Producing clean visibilities from movie with direct FT . . . 
Applying Jones Matrices to data . . . 
Adding thermal noise to data . . . 
Applying a priori calibration with estimated Jones matrices . . . 
Splitting Observation File into 64 times
/srv/tmp/kyle/miniconda3/envs/jax/lib/python3.9/site-packages/ehtim/__init__.py:56: UserWarning: pkg_resources is deprecated as an API. See https://setuptools.pypa.io/en/latest/pkg_resources.html. The pkg_resources package is slated for removal as early as 2025-11-30. Refrain from using this package or pin to Setuptools<81.
  import pkg_resources
/srv/tmp/kyle/miniconda3/envs/jax/lib/python3.9/site-packages/ehtim/__init__.py:56: UserWarning: pkg_resources is deprecated as an API. See https://setuptools.pypa.io/en/latest/pkg_resources.html. The pkg_resources package is slated for removal as early as 2025-11-30. Refrain from using this package or pin to Setuptools<81.
  import pkg_resources
WARNING:absl:Tensorflow library not found, tensorflow.io.gfile operations will use native shim calls. GCS paths (i.e. 'gs://...') cannot be accessed.
WARNING:absl:Tensorflow library not found, tensorflow.io.gfile operations will use native shim calls. GCS paths (i.e. 'gs://...') cannot be accessed.
/srv/tmp/kyle/miniconda3/envs/jax/lib/python3.9/site-packages/ehtim/__init__.py:56: UserWarning: pkg_resources is deprecated as an API. See https://setuptools.pypa.io/en/latest/pkg_resources.html. The pkg_resources package is slated for removal as early as 2025-11-30. Refrain from using this package or pin to Setuptools<81.
  import pkg_resources
WARNING:absl:Tensorflow library not found, tensorflow.io.gfile operations will use native shim calls. GCS paths (i.e. 'gs://...') cannot be accessed.
/srv/tmp/kyle/miniconda3/envs/jax/lib/python3.9/site-packages/ehtim/__init__.py:56: UserWarning: pkg_resources is deprecated as an API. See https://setuptools.pypa.io/en/latest/pkg_resources.html. The pkg_resources package is slated for removal as early as 2025-11-30. Refrain from using this package or pin to Setuptools<81.
  import pkg_resources
/srv/tmp/kyle/miniconda3/envs/jax/lib/python3.9/site-packages/xarray/core/computation.py:821: RuntimeWarning: invalid value encountered in sqrt
  result_data = func(*input_data)
WARNING:absl:Tensorflow library not found, tensorflow.io.gfile operations will use native shim calls. GCS paths (i.e. 'gs://...') cannot be accessed.
/srv/tmp/kyle/miniconda3/envs/jax/lib/python3.9/site-packages/xarray/core/computation.py:821: RuntimeWarning: invalid value encountered in sqrt
  result_data = func(*input_data)
/srv/tmp/kyle/miniconda3/envs/jax/lib/python3.9/site-packages/xarray/core/computation.py:821: RuntimeWarning: invalid value encountered in sqrt
  result_data = func(*input_data)
2025-07-25 14:35:05.909766: W external/xla/xla/service/gpu/nvptx_compiler.cc:765] The NVIDIA driver's CUDA version is 12.2 which is older than the ptxas CUDA version (12.9.86). Because the driver is older than the ptxas version, XLA is disabling parallel compilation, which may slow down compilation. You should update your NVIDIA driver or use the NVIDIA-provided CUDA forward compatibility packages.
/srv/tmp/kyle/miniconda3/envs/jax/lib/python3.9/site-packages/xarray/core/computation.py:821: RuntimeWarning: invalid value encountered in sqrt
  result_data = func(*input_data)
2025-07-25 14:35:08.103564: W external/xla/xla/service/gpu/nvptx_compiler.cc:765] The NVIDIA driver's CUDA version is 12.2 which is older than the ptxas CUDA version (12.9.86). Because the driver is older than the ptxas version, XLA is disabling parallel compilation, which may slow down compilation. You should update your NVIDIA driver or use the NVIDIA-provided CUDA forward compatibility packages.
/srv/tmp/kyle/miniconda3/envs/jax/lib/python3.9/site-packages/xarray/core/computation.py:821: RuntimeWarning: invalid value encountered in sqrt
  result_data = func(*input_data)
2025-07-25 14:35:17.658859: W external/xla/xla/service/gpu/nvptx_compiler.cc:765] The NVIDIA driver's CUDA version is 12.2 which is older than the ptxas CUDA version (12.9.86). Because the driver is older than the ptxas version, XLA is disabling parallel compilation, which may slow down compilation. You should update your NVIDIA driver or use the NVIDIA-provided CUDA forward compatibility packages.
/srv/tmp/kyle/miniconda3/envs/jax/lib/python3.9/site-packages/xarray/core/computation.py:821: RuntimeWarning: invalid value encountered in sqrt
  result_data = func(*input_data)
/srv/tmp/kyle/miniconda3/envs/jax/lib/python3.9/site-packages/xarray/core/computation.py:821: RuntimeWarning: invalid value encountered in sqrt
  result_data = func(*input_data)
2025-07-25 14:35:32.144476: W external/xla/xla/service/gpu/nvptx_compiler.cc:765] The NVIDIA driver's CUDA version is 12.2 which is older than the ptxas CUDA version (12.9.86). Because the driver is older than the ptxas version, XLA is disabling parallel compilation, which may slow down compilation. You should update your NVIDIA driver or use the NVIDIA-provided CUDA forward compatibility packages.
/srv/tmp/kyle/miniconda3/envs/jax/lib/python3.9/site-packages/xarray/core/computation.py:821: RuntimeWarning: invalid value encountered in sqrt
  result_data = func(*input_data)
WARNING:absl:The `aggregate` option is deprecated and will be ignored.
WARNING:absl:The `aggregate` option is deprecated and will be ignored.
Welcome to eht-imaging! v 1.2.4 

Producing clean visibilities from movie with direct FT . . . 
Applying Jones Matrices to data . . . 
Adding thermal noise to data . . . 
Applying a priori calibration with estimated Jones matrices . . . 
Splitting Observation File into 64 times
Welcome to eht-imaging! v 1.2.4 

Producing clean visibilities from movie with direct FT . . . 
Applying Jones Matrices to data . . . 
Adding thermal noise to data . . . 
Applying a priori calibration with estimated Jones matrices . . . 
Splitting Observation File into 64 times
WARNING:absl:The `aggregate` option is deprecated and will be ignored.
Welcome to eht-imaging! v 1.2.4 

Producing clean visibilities from movie with direct FT . . . 
Applying Jones Matrices to data . . . 
Adding thermal noise to data . . . 
Applying a priori calibration with estimated Jones matrices . . . 
Splitting Observation File into 64 times
WARNING:absl:The `aggregate` option is deprecated and will be ignored.
Welcome to eht-imaging! v 1.2.4 

Producing clean visibilities from movie with direct FT . . . 
Applying Jones Matrices to data . . . 
Adding thermal noise to data . . . 
Applying a priori calibration with estimated Jones matrices . . . 
Splitting Observation File into 64 times
/srv/tmp/kyle/miniconda3/envs/jax/lib/python3.9/site-packages/ehtim/__init__.py:56: UserWarning: pkg_resources is deprecated as an API. See https://setuptools.pypa.io/en/latest/pkg_resources.html. The pkg_resources package is slated for removal as early as 2025-11-30. Refrain from using this package or pin to Setuptools<81.
  import pkg_resources
/srv/tmp/kyle/miniconda3/envs/jax/lib/python3.9/site-packages/ehtim/__init__.py:56: UserWarning: pkg_resources is deprecated as an API. See https://setuptools.pypa.io/en/latest/pkg_resources.html. The pkg_resources package is slated for removal as early as 2025-11-30. Refrain from using this package or pin to Setuptools<81.
  import pkg_resources
WARNING:absl:Tensorflow library not found, tensorflow.io.gfile operations will use native shim calls. GCS paths (i.e. 'gs://...') cannot be accessed.
WARNING:absl:Tensorflow library not found, tensorflow.io.gfile operations will use native shim calls. GCS paths (i.e. 'gs://...') cannot be accessed.
/srv/tmp/kyle/miniconda3/envs/jax/lib/python3.9/site-packages/ehtim/__init__.py:56: UserWarning: pkg_resources is deprecated as an API. See https://setuptools.pypa.io/en/latest/pkg_resources.html. The pkg_resources package is slated for removal as early as 2025-11-30. Refrain from using this package or pin to Setuptools<81.
  import pkg_resources
WARNING:absl:Tensorflow library not found, tensorflow.io.gfile operations will use native shim calls. GCS paths (i.e. 'gs://...') cannot be accessed.
/srv/tmp/kyle/miniconda3/envs/jax/lib/python3.9/site-packages/xarray/core/computation.py:821: RuntimeWarning: invalid value encountered in sqrt
  result_data = func(*input_data)
/srv/tmp/kyle/miniconda3/envs/jax/lib/python3.9/site-packages/xarray/core/computation.py:821: RuntimeWarning: invalid value encountered in sqrt
  result_data = func(*input_data)
/srv/tmp/kyle/miniconda3/envs/jax/lib/python3.9/site-packages/ehtim/__init__.py:56: UserWarning: pkg_resources is deprecated as an API. See https://setuptools.pypa.io/en/latest/pkg_resources.html. The pkg_resources package is slated for removal as early as 2025-11-30. Refrain from using this package or pin to Setuptools<81.
  import pkg_resources
WARNING:absl:Tensorflow library not found, tensorflow.io.gfile operations will use native shim calls. GCS paths (i.e. 'gs://...') cannot be accessed.
/srv/tmp/kyle/miniconda3/envs/jax/lib/python3.9/site-packages/xarray/core/computation.py:821: RuntimeWarning: invalid value encountered in sqrt
  result_data = func(*input_data)
2025-07-25 14:54:24.587402: W external/xla/xla/service/gpu/nvptx_compiler.cc:765] The NVIDIA driver's CUDA version is 12.2 which is older than the ptxas CUDA version (12.9.86). Because the driver is older than the ptxas version, XLA is disabling parallel compilation, which may slow down compilation. You should update your NVIDIA driver or use the NVIDIA-provided CUDA forward compatibility packages.
2025-07-25 14:54:24.587419: W external/xla/xla/service/gpu/nvptx_compiler.cc:765] The NVIDIA driver's CUDA version is 12.2 which is older than the ptxas CUDA version (12.9.86). Because the driver is older than the ptxas version, XLA is disabling parallel compilation, which may slow down compilation. You should update your NVIDIA driver or use the NVIDIA-provided CUDA forward compatibility packages.
/srv/tmp/kyle/miniconda3/envs/jax/lib/python3.9/site-packages/xarray/core/computation.py:821: RuntimeWarning: invalid value encountered in sqrt
  result_data = func(*input_data)
/srv/tmp/kyle/miniconda3/envs/jax/lib/python3.9/site-packages/xarray/core/computation.py:821: RuntimeWarning: invalid value encountered in sqrt
  result_data = func(*input_data)
/srv/tmp/kyle/miniconda3/envs/jax/lib/python3.9/site-packages/xarray/core/computation.py:821: RuntimeWarning: invalid value encountered in sqrt
  result_data = func(*input_data)
2025-07-25 14:54:32.043611: W external/xla/xla/service/gpu/nvptx_compiler.cc:765] The NVIDIA driver's CUDA version is 12.2 which is older than the ptxas CUDA version (12.9.86). Because the driver is older than the ptxas version, XLA is disabling parallel compilation, which may slow down compilation. You should update your NVIDIA driver or use the NVIDIA-provided CUDA forward compatibility packages.
/srv/tmp/kyle/miniconda3/envs/jax/lib/python3.9/site-packages/xarray/core/computation.py:821: RuntimeWarning: invalid value encountered in sqrt
  result_data = func(*input_data)
2025-07-25 14:54:43.519615: W external/xla/xla/service/gpu/nvptx_compiler.cc:765] The NVIDIA driver's CUDA version is 12.2 which is older than the ptxas CUDA version (12.9.86). Because the driver is older than the ptxas version, XLA is disabling parallel compilation, which may slow down compilation. You should update your NVIDIA driver or use the NVIDIA-provided CUDA forward compatibility packages.
/srv/tmp/kyle/miniconda3/envs/jax/lib/python3.9/site-packages/xarray/core/computation.py:821: RuntimeWarning: invalid value encountered in sqrt
  result_data = func(*input_data)
WARNING:absl:The `aggregate` option is deprecated and will be ignored.
Welcome to eht-imaging! v 1.2.4 

Producing clean visibilities from movie with direct FT . . . 
Applying Jones Matrices to data . . . 
Adding thermal noise to data . . . 
Applying a priori calibration with estimated Jones matrices . . . 
Splitting Observation File into 64 times
WARNING:absl:The `aggregate` option is deprecated and will be ignored.
WARNING:absl:The `aggregate` option is deprecated and will be ignored.
Welcome to eht-imaging! v 1.2.4 

Producing clean visibilities from movie with direct FT . . . 
Applying Jones Matrices to data . . . 
Adding thermal noise to data . . . 
Applying a priori calibration with estimated Jones matrices . . . 
Splitting Observation File into 64 times
Welcome to eht-imaging! v 1.2.4 

Producing clean visibilities from movie with direct FT . . . 
Applying Jones Matrices to data . . . 
Adding thermal noise to data . . . 
Applying a priori calibration with estimated Jones matrices . . . 
Splitting Observation File into 64 times
/srv/tmp/kyle/miniconda3/envs/jax/lib/python3.9/site-packages/ehtim/__init__.py:56: UserWarning: pkg_resources is deprecated as an API. See https://setuptools.pypa.io/en/latest/pkg_resources.html. The pkg_resources package is slated for removal as early as 2025-11-30. Refrain from using this package or pin to Setuptools<81.
  import pkg_resources
WARNING:absl:Tensorflow library not found, tensorflow.io.gfile operations will use native shim calls. GCS paths (i.e. 'gs://...') cannot be accessed.
/srv/tmp/kyle/miniconda3/envs/jax/lib/python3.9/site-packages/ehtim/__init__.py:56: UserWarning: pkg_resources is deprecated as an API. See https://setuptools.pypa.io/en/latest/pkg_resources.html. The pkg_resources package is slated for removal as early as 2025-11-30. Refrain from using this package or pin to Setuptools<81.
  import pkg_resources
/srv/tmp/kyle/miniconda3/envs/jax/lib/python3.9/site-packages/ehtim/__init__.py:56: UserWarning: pkg_resources is deprecated as an API. See https://setuptools.pypa.io/en/latest/pkg_resources.html. The pkg_resources package is slated for removal as early as 2025-11-30. Refrain from using this package or pin to Setuptools<81.
  import pkg_resources
WARNING:absl:Tensorflow library not found, tensorflow.io.gfile operations will use native shim calls. GCS paths (i.e. 'gs://...') cannot be accessed.
WARNING:absl:Tensorflow library not found, tensorflow.io.gfile operations will use native shim calls. GCS paths (i.e. 'gs://...') cannot be accessed.
/srv/tmp/kyle/miniconda3/envs/jax/lib/python3.9/site-packages/xarray/core/computation.py:821: RuntimeWarning: invalid value encountered in sqrt
  result_data = func(*input_data)
WARNING:absl:The `aggregate` option is deprecated and will be ignored.
Welcome to eht-imaging! v 1.2.4 

Producing clean visibilities from movie with direct FT . . . 
Applying Jones Matrices to data . . . 
Adding thermal noise to data . . . 
Applying a priori calibration with estimated Jones matrices . . . 
Splitting Observation File into 64 times
/srv/tmp/kyle/miniconda3/envs/jax/lib/python3.9/site-packages/xarray/core/computation.py:821: RuntimeWarning: invalid value encountered in sqrt
  result_data = func(*input_data)
/srv/tmp/kyle/miniconda3/envs/jax/lib/python3.9/site-packages/xarray/core/computation.py:821: RuntimeWarning: invalid value encountered in sqrt
  result_data = func(*input_data)
2025-07-25 15:13:42.618872: W external/xla/xla/service/gpu/nvptx_compiler.cc:765] The NVIDIA driver's CUDA version is 12.2 which is older than the ptxas CUDA version (12.9.86). Because the driver is older than the ptxas version, XLA is disabling parallel compilation, which may slow down compilation. You should update your NVIDIA driver or use the NVIDIA-provided CUDA forward compatibility packages.
/srv/tmp/kyle/miniconda3/envs/jax/lib/python3.9/site-packages/xarray/core/computation.py:821: RuntimeWarning: invalid value encountered in sqrt
  result_data = func(*input_data)
2025-07-25 15:13:49.767731: W external/xla/xla/service/gpu/nvptx_compiler.cc:765] The NVIDIA driver's CUDA version is 12.2 which is older than the ptxas CUDA version (12.9.86). Because the driver is older than the ptxas version, XLA is disabling parallel compilation, which may slow down compilation. You should update your NVIDIA driver or use the NVIDIA-provided CUDA forward compatibility packages.
/srv/tmp/kyle/miniconda3/envs/jax/lib/python3.9/site-packages/xarray/core/computation.py:821: RuntimeWarning: invalid value encountered in sqrt
  result_data = func(*input_data)
2025-07-25 15:13:52.702501: W external/xla/xla/service/gpu/nvptx_compiler.cc:765] The NVIDIA driver's CUDA version is 12.2 which is older than the ptxas CUDA version (12.9.86). Because the driver is older than the ptxas version, XLA is disabling parallel compilation, which may slow down compilation. You should update your NVIDIA driver or use the NVIDIA-provided CUDA forward compatibility packages.
/srv/tmp/kyle/miniconda3/envs/jax/lib/python3.9/site-packages/xarray/core/computation.py:821: RuntimeWarning: invalid value encountered in sqrt
  result_data = func(*input_data)
/srv/tmp/kyle/miniconda3/envs/jax/lib/python3.9/site-packages/ehtim/__init__.py:56: UserWarning: pkg_resources is deprecated as an API. See https://setuptools.pypa.io/en/latest/pkg_resources.html. The pkg_resources package is slated for removal as early as 2025-11-30. Refrain from using this package or pin to Setuptools<81.
  import pkg_resources
WARNING:absl:Tensorflow library not found, tensorflow.io.gfile operations will use native shim calls. GCS paths (i.e. 'gs://...') cannot be accessed.
/srv/tmp/kyle/miniconda3/envs/jax/lib/python3.9/site-packages/xarray/core/computation.py:821: RuntimeWarning: invalid value encountered in sqrt
  result_data = func(*input_data)
2025-07-25 15:14:24.940901: W external/xla/xla/service/gpu/nvptx_compiler.cc:765] The NVIDIA driver's CUDA version is 12.2 which is older than the ptxas CUDA version (12.9.86). Because the driver is older than the ptxas version, XLA is disabling parallel compilation, which may slow down compilation. You should update your NVIDIA driver or use the NVIDIA-provided CUDA forward compatibility packages.
/srv/tmp/kyle/miniconda3/envs/jax/lib/python3.9/site-packages/xarray/core/computation.py:821: RuntimeWarning: invalid value encountered in sqrt
  result_data = func(*input_data)
WARNING:absl:The `aggregate` option is deprecated and will be ignored.
Welcome to eht-imaging! v 1.2.4 

Producing clean visibilities from movie with direct FT . . . 
Applying Jones Matrices to data . . . 
Adding thermal noise to data . . . 
Applying a priori calibration with estimated Jones matrices . . . 
Splitting Observation File into 64 times
WARNING:absl:The `aggregate` option is deprecated and will be ignored.
Welcome to eht-imaging! v 1.2.4 

Producing clean visibilities from movie with direct FT . . . 
Applying Jones Matrices to data . . . 
Adding thermal noise to data . . . 
Applying a priori calibration with estimated Jones matrices . . . 
Splitting Observation File into 64 times
WARNING:absl:The `aggregate` option is deprecated and will be ignored.
Welcome to eht-imaging! v 1.2.4 

Producing clean visibilities from movie with direct FT . . . 
Applying Jones Matrices to data . . . 
Adding thermal noise to data . . . 
Applying a priori calibration with estimated Jones matrices . . . 
Splitting Observation File into 64 times
/srv/tmp/kyle/miniconda3/envs/jax/lib/python3.9/site-packages/ehtim/__init__.py:56: UserWarning: pkg_resources is deprecated as an API. See https://setuptools.pypa.io/en/latest/pkg_resources.html. The pkg_resources package is slated for removal as early as 2025-11-30. Refrain from using this package or pin to Setuptools<81.
  import pkg_resources
WARNING:absl:Tensorflow library not found, tensorflow.io.gfile operations will use native shim calls. GCS paths (i.e. 'gs://...') cannot be accessed.
/srv/tmp/kyle/miniconda3/envs/jax/lib/python3.9/site-packages/ehtim/__init__.py:56: UserWarning: pkg_resources is deprecated as an API. See https://setuptools.pypa.io/en/latest/pkg_resources.html. The pkg_resources package is slated for removal as early as 2025-11-30. Refrain from using this package or pin to Setuptools<81.
  import pkg_resources
/srv/tmp/kyle/miniconda3/envs/jax/lib/python3.9/site-packages/ehtim/__init__.py:56: UserWarning: pkg_resources is deprecated as an API. See https://setuptools.pypa.io/en/latest/pkg_resources.html. The pkg_resources package is slated for removal as early as 2025-11-30. Refrain from using this package or pin to Setuptools<81.
  import pkg_resources
WARNING:absl:The `aggregate` option is deprecated and will be ignored.
Welcome to eht-imaging! v 1.2.4 

Producing clean visibilities from movie with direct FT . . . 
Applying Jones Matrices to data . . . 
Adding thermal noise to data . . . 
Applying a priori calibration with estimated Jones matrices . . . 
Splitting Observation File into 64 times
WARNING:absl:Tensorflow library not found, tensorflow.io.gfile operations will use native shim calls. GCS paths (i.e. 'gs://...') cannot be accessed.
WARNING:absl:Tensorflow library not found, tensorflow.io.gfile operations will use native shim calls. GCS paths (i.e. 'gs://...') cannot be accessed.
/srv/tmp/kyle/miniconda3/envs/jax/lib/python3.9/site-packages/xarray/core/computation.py:821: RuntimeWarning: invalid value encountered in sqrt
  result_data = func(*input_data)
/srv/tmp/kyle/miniconda3/envs/jax/lib/python3.9/site-packages/xarray/core/computation.py:821: RuntimeWarning: invalid value encountered in sqrt
  result_data = func(*input_data)
/srv/tmp/kyle/miniconda3/envs/jax/lib/python3.9/site-packages/xarray/core/computation.py:821: RuntimeWarning: invalid value encountered in sqrt
  result_data = func(*input_data)
2025-07-25 15:33:03.700458: W external/xla/xla/service/gpu/nvptx_compiler.cc:765] The NVIDIA driver's CUDA version is 12.2 which is older than the ptxas CUDA version (12.9.86). Because the driver is older than the ptxas version, XLA is disabling parallel compilation, which may slow down compilation. You should update your NVIDIA driver or use the NVIDIA-provided CUDA forward compatibility packages.
/srv/tmp/kyle/miniconda3/envs/jax/lib/python3.9/site-packages/xarray/core/computation.py:821: RuntimeWarning: invalid value encountered in sqrt
  result_data = func(*input_data)
/srv/tmp/kyle/miniconda3/envs/jax/lib/python3.9/site-packages/ehtim/__init__.py:56: UserWarning: pkg_resources is deprecated as an API. See https://setuptools.pypa.io/en/latest/pkg_resources.html. The pkg_resources package is slated for removal as early as 2025-11-30. Refrain from using this package or pin to Setuptools<81.
  import pkg_resources
WARNING:absl:Tensorflow library not found, tensorflow.io.gfile operations will use native shim calls. GCS paths (i.e. 'gs://...') cannot be accessed.
2025-07-25 15:33:13.874648: W external/xla/xla/service/gpu/nvptx_compiler.cc:765] The NVIDIA driver's CUDA version is 12.2 which is older than the ptxas CUDA version (12.9.86). Because the driver is older than the ptxas version, XLA is disabling parallel compilation, which may slow down compilation. You should update your NVIDIA driver or use the NVIDIA-provided CUDA forward compatibility packages.
/srv/tmp/kyle/miniconda3/envs/jax/lib/python3.9/site-packages/xarray/core/computation.py:821: RuntimeWarning: invalid value encountered in sqrt
  result_data = func(*input_data)
2025-07-25 15:33:15.458513: W external/xla/xla/service/gpu/nvptx_compiler.cc:765] The NVIDIA driver's CUDA version is 12.2 which is older than the ptxas CUDA version (12.9.86). Because the driver is older than the ptxas version, XLA is disabling parallel compilation, which may slow down compilation. You should update your NVIDIA driver or use the NVIDIA-provided CUDA forward compatibility packages.
/srv/tmp/kyle/miniconda3/envs/jax/lib/python3.9/site-packages/xarray/core/computation.py:821: RuntimeWarning: invalid value encountered in sqrt
  result_data = func(*input_data)
/srv/tmp/kyle/miniconda3/envs/jax/lib/python3.9/site-packages/xarray/core/computation.py:821: RuntimeWarning: invalid value encountered in sqrt
  result_data = func(*input_data)
2025-07-25 15:33:37.808716: W external/xla/xla/service/gpu/nvptx_compiler.cc:765] The NVIDIA driver's CUDA version is 12.2 which is older than the ptxas CUDA version (12.9.86). Because the driver is older than the ptxas version, XLA is disabling parallel compilation, which may slow down compilation. You should update your NVIDIA driver or use the NVIDIA-provided CUDA forward compatibility packages.
/srv/tmp/kyle/miniconda3/envs/jax/lib/python3.9/site-packages/xarray/core/computation.py:821: RuntimeWarning: invalid value encountered in sqrt
  result_data = func(*input_data)
WARNING:absl:The `aggregate` option is deprecated and will be ignored.
Welcome to eht-imaging! v 1.2.4 

Producing clean visibilities from movie with direct FT . . . 
Applying Jones Matrices to data . . . 
Adding thermal noise to data . . . 
Applying a priori calibration with estimated Jones matrices . . . 
Splitting Observation File into 64 times
WARNING:absl:The `aggregate` option is deprecated and will be ignored.
Welcome to eht-imaging! v 1.2.4 

Producing clean visibilities from movie with direct FT . . . 
Applying Jones Matrices to data . . . 
Adding thermal noise to data . . . 
Applying a priori calibration with estimated Jones matrices . . . 
Splitting Observation File into 64 times
WARNING:absl:The `aggregate` option is deprecated and will be ignored.
Welcome to eht-imaging! v 1.2.4 

Producing clean visibilities from movie with direct FT . . . 
Applying Jones Matrices to data . . . 
Adding thermal noise to data . . . 
Applying a priori calibration with estimated Jones matrices . . . 
Splitting Observation File into 64 times
/srv/tmp/kyle/miniconda3/envs/jax/lib/python3.9/site-packages/ehtim/__init__.py:56: UserWarning: pkg_resources is deprecated as an API. See https://setuptools.pypa.io/en/latest/pkg_resources.html. The pkg_resources package is slated for removal as early as 2025-11-30. Refrain from using this package or pin to Setuptools<81.
  import pkg_resources
WARNING:absl:Tensorflow library not found, tensorflow.io.gfile operations will use native shim calls. GCS paths (i.e. 'gs://...') cannot be accessed.
WARNING:absl:The `aggregate` option is deprecated and will be ignored.
Welcome to eht-imaging! v 1.2.4 

Producing clean visibilities from movie with direct FT . . . 
Applying Jones Matrices to data . . . 
Adding thermal noise to data . . . 
Applying a priori calibration with estimated Jones matrices . . . 
Splitting Observation File into 64 times
/srv/tmp/kyle/miniconda3/envs/jax/lib/python3.9/site-packages/ehtim/__init__.py:56: UserWarning: pkg_resources is deprecated as an API. See https://setuptools.pypa.io/en/latest/pkg_resources.html. The pkg_resources package is slated for removal as early as 2025-11-30. Refrain from using this package or pin to Setuptools<81.
  import pkg_resources
WARNING:absl:Tensorflow library not found, tensorflow.io.gfile operations will use native shim calls. GCS paths (i.e. 'gs://...') cannot be accessed.
/srv/tmp/kyle/miniconda3/envs/jax/lib/python3.9/site-packages/ehtim/__init__.py:56: UserWarning: pkg_resources is deprecated as an API. See https://setuptools.pypa.io/en/latest/pkg_resources.html. The pkg_resources package is slated for removal as early as 2025-11-30. Refrain from using this package or pin to Setuptools<81.
  import pkg_resources
WARNING:absl:Tensorflow library not found, tensorflow.io.gfile operations will use native shim calls. GCS paths (i.e. 'gs://...') cannot be accessed.
/srv/tmp/kyle/miniconda3/envs/jax/lib/python3.9/site-packages/xarray/core/computation.py:821: RuntimeWarning: invalid value encountered in sqrt
  result_data = func(*input_data)
/srv/tmp/kyle/miniconda3/envs/jax/lib/python3.9/site-packages/ehtim/__init__.py:56: UserWarning: pkg_resources is deprecated as an API. See https://setuptools.pypa.io/en/latest/pkg_resources.html. The pkg_resources package is slated for removal as early as 2025-11-30. Refrain from using this package or pin to Setuptools<81.
  import pkg_resources
/srv/tmp/kyle/miniconda3/envs/jax/lib/python3.9/site-packages/xarray/core/computation.py:821: RuntimeWarning: invalid value encountered in sqrt
  result_data = func(*input_data)
2025-07-25 15:52:27.799967: W external/xla/xla/service/gpu/nvptx_compiler.cc:765] The NVIDIA driver's CUDA version is 12.2 which is older than the ptxas CUDA version (12.9.86). Because the driver is older than the ptxas version, XLA is disabling parallel compilation, which may slow down compilation. You should update your NVIDIA driver or use the NVIDIA-provided CUDA forward compatibility packages.
/srv/tmp/kyle/miniconda3/envs/jax/lib/python3.9/site-packages/xarray/core/computation.py:821: RuntimeWarning: invalid value encountered in sqrt
  result_data = func(*input_data)
WARNING:absl:Tensorflow library not found, tensorflow.io.gfile operations will use native shim calls. GCS paths (i.e. 'gs://...') cannot be accessed.
/srv/tmp/kyle/miniconda3/envs/jax/lib/python3.9/site-packages/xarray/core/computation.py:821: RuntimeWarning: invalid value encountered in sqrt
  result_data = func(*input_data)
2025-07-25 15:52:39.295853: W external/xla/xla/service/gpu/nvptx_compiler.cc:765] The NVIDIA driver's CUDA version is 12.2 which is older than the ptxas CUDA version (12.9.86). Because the driver is older than the ptxas version, XLA is disabling parallel compilation, which may slow down compilation. You should update your NVIDIA driver or use the NVIDIA-provided CUDA forward compatibility packages.
/srv/tmp/kyle/miniconda3/envs/jax/lib/python3.9/site-packages/xarray/core/computation.py:821: RuntimeWarning: invalid value encountered in sqrt
  result_data = func(*input_data)
/srv/tmp/kyle/miniconda3/envs/jax/lib/python3.9/site-packages/xarray/core/computation.py:821: RuntimeWarning: invalid value encountered in sqrt
  result_data = func(*input_data)
2025-07-25 15:52:44.392251: W external/xla/xla/service/gpu/nvptx_compiler.cc:765] The NVIDIA driver's CUDA version is 12.2 which is older than the ptxas CUDA version (12.9.86). Because the driver is older than the ptxas version, XLA is disabling parallel compilation, which may slow down compilation. You should update your NVIDIA driver or use the NVIDIA-provided CUDA forward compatibility packages.
/srv/tmp/kyle/miniconda3/envs/jax/lib/python3.9/site-packages/xarray/core/computation.py:821: RuntimeWarning: invalid value encountered in sqrt
  result_data = func(*input_data)
2025-07-25 15:52:53.378133: W external/xla/xla/service/gpu/nvptx_compiler.cc:765] The NVIDIA driver's CUDA version is 12.2 which is older than the ptxas CUDA version (12.9.86). Because the driver is older than the ptxas version, XLA is disabling parallel compilation, which may slow down compilation. You should update your NVIDIA driver or use the NVIDIA-provided CUDA forward compatibility packages.
/srv/tmp/kyle/miniconda3/envs/jax/lib/python3.9/site-packages/xarray/core/computation.py:821: RuntimeWarning: invalid value encountered in sqrt
  result_data = func(*input_data)
WARNING:absl:The `aggregate` option is deprecated and will be ignored.
Welcome to eht-imaging! v 1.2.4 

Producing clean visibilities from movie with direct FT . . . 
Applying Jones Matrices to data . . . 
Adding thermal noise to data . . . 
Applying a priori calibration with estimated Jones matrices . . . 
Splitting Observation File into 64 times
WARNING:absl:The `aggregate` option is deprecated and will be ignored.
Welcome to eht-imaging! v 1.2.4 

Producing clean visibilities from movie with direct FT . . . 
Applying Jones Matrices to data . . . 
Adding thermal noise to data . . . 
Applying a priori calibration with estimated Jones matrices . . . 
Splitting Observation File into 64 times
WARNING:absl:The `aggregate` option is deprecated and will be ignored.
Welcome to eht-imaging! v 1.2.4 

Producing clean visibilities from movie with direct FT . . . 
Applying Jones Matrices to data . . . 
Adding thermal noise to data . . . 
Applying a priori calibration with estimated Jones matrices . . . 
Splitting Observation File into 64 times
WARNING:absl:The `aggregate` option is deprecated and will be ignored.
Welcome to eht-imaging! v 1.2.4 

Producing clean visibilities from movie with direct FT . . . 
Applying Jones Matrices to data . . . 
Adding thermal noise to data . . . 
Applying a priori calibration with estimated Jones matrices . . . 
Splitting Observation File into 64 times
/srv/tmp/kyle/miniconda3/envs/jax/lib/python3.9/site-packages/ehtim/__init__.py:56: UserWarning: pkg_resources is deprecated as an API. See https://setuptools.pypa.io/en/latest/pkg_resources.html. The pkg_resources package is slated for removal as early as 2025-11-30. Refrain from using this package or pin to Setuptools<81.
  import pkg_resources
WARNING:absl:Tensorflow library not found, tensorflow.io.gfile operations will use native shim calls. GCS paths (i.e. 'gs://...') cannot be accessed.
/srv/tmp/kyle/miniconda3/envs/jax/lib/python3.9/site-packages/ehtim/__init__.py:56: UserWarning: pkg_resources is deprecated as an API. See https://setuptools.pypa.io/en/latest/pkg_resources.html. The pkg_resources package is slated for removal as early as 2025-11-30. Refrain from using this package or pin to Setuptools<81.
  import pkg_resources
/srv/tmp/kyle/miniconda3/envs/jax/lib/python3.9/site-packages/ehtim/__init__.py:56: UserWarning: pkg_resources is deprecated as an API. See https://setuptools.pypa.io/en/latest/pkg_resources.html. The pkg_resources package is slated for removal as early as 2025-11-30. Refrain from using this package or pin to Setuptools<81.
  import pkg_resources
WARNING:absl:Tensorflow library not found, tensorflow.io.gfile operations will use native shim calls. GCS paths (i.e. 'gs://...') cannot be accessed.
WARNING:absl:Tensorflow library not found, tensorflow.io.gfile operations will use native shim calls. GCS paths (i.e. 'gs://...') cannot be accessed.
/srv/tmp/kyle/miniconda3/envs/jax/lib/python3.9/site-packages/xarray/core/computation.py:821: RuntimeWarning: invalid value encountered in sqrt
  result_data = func(*input_data)
/srv/tmp/kyle/miniconda3/envs/jax/lib/python3.9/site-packages/ehtim/__init__.py:56: UserWarning: pkg_resources is deprecated as an API. See https://setuptools.pypa.io/en/latest/pkg_resources.html. The pkg_resources package is slated for removal as early as 2025-11-30. Refrain from using this package or pin to Setuptools<81.
  import pkg_resources
WARNING:absl:Tensorflow library not found, tensorflow.io.gfile operations will use native shim calls. GCS paths (i.e. 'gs://...') cannot be accessed.
/srv/tmp/kyle/miniconda3/envs/jax/lib/python3.9/site-packages/xarray/core/computation.py:821: RuntimeWarning: invalid value encountered in sqrt
  result_data = func(*input_data)
2025-07-25 16:11:50.046249: W external/xla/xla/service/gpu/nvptx_compiler.cc:765] The NVIDIA driver's CUDA version is 12.2 which is older than the ptxas CUDA version (12.9.86). Because the driver is older than the ptxas version, XLA is disabling parallel compilation, which may slow down compilation. You should update your NVIDIA driver or use the NVIDIA-provided CUDA forward compatibility packages.
/srv/tmp/kyle/miniconda3/envs/jax/lib/python3.9/site-packages/xarray/core/computation.py:821: RuntimeWarning: invalid value encountered in sqrt
  result_data = func(*input_data)
/srv/tmp/kyle/miniconda3/envs/jax/lib/python3.9/site-packages/xarray/core/computation.py:821: RuntimeWarning: invalid value encountered in sqrt
  result_data = func(*input_data)
2025-07-25 16:12:01.263963: W external/xla/xla/service/gpu/nvptx_compiler.cc:765] The NVIDIA driver's CUDA version is 12.2 which is older than the ptxas CUDA version (12.9.86). Because the driver is older than the ptxas version, XLA is disabling parallel compilation, which may slow down compilation. You should update your NVIDIA driver or use the NVIDIA-provided CUDA forward compatibility packages.
/srv/tmp/kyle/miniconda3/envs/jax/lib/python3.9/site-packages/xarray/core/computation.py:821: RuntimeWarning: invalid value encountered in sqrt
  result_data = func(*input_data)
/srv/tmp/kyle/miniconda3/envs/jax/lib/python3.9/site-packages/xarray/core/computation.py:821: RuntimeWarning: invalid value encountered in sqrt
  result_data = func(*input_data)
2025-07-25 16:12:07.444670: W external/xla/xla/service/gpu/nvptx_compiler.cc:765] The NVIDIA driver's CUDA version is 12.2 which is older than the ptxas CUDA version (12.9.86). Because the driver is older than the ptxas version, XLA is disabling parallel compilation, which may slow down compilation. You should update your NVIDIA driver or use the NVIDIA-provided CUDA forward compatibility packages.
/srv/tmp/kyle/miniconda3/envs/jax/lib/python3.9/site-packages/xarray/core/computation.py:821: RuntimeWarning: invalid value encountered in sqrt
  result_data = func(*input_data)
2025-07-25 16:12:19.501588: W external/xla/xla/service/gpu/nvptx_compiler.cc:765] The NVIDIA driver's CUDA version is 12.2 which is older than the ptxas CUDA version (12.9.86). Because the driver is older than the ptxas version, XLA is disabling parallel compilation, which may slow down compilation. You should update your NVIDIA driver or use the NVIDIA-provided CUDA forward compatibility packages.
/srv/tmp/kyle/miniconda3/envs/jax/lib/python3.9/site-packages/xarray/core/computation.py:821: RuntimeWarning: invalid value encountered in sqrt
  result_data = func(*input_data)
WARNING:absl:The `aggregate` option is deprecated and will be ignored.
Welcome to eht-imaging! v 1.2.4 

Producing clean visibilities from movie with direct FT . . . 
Applying Jones Matrices to data . . . 
Adding thermal noise to data . . . 
Applying a priori calibration with estimated Jones matrices . . . 
Splitting Observation File into 64 times
WARNING:absl:The `aggregate` option is deprecated and will be ignored.
Welcome to eht-imaging! v 1.2.4 

Producing clean visibilities from movie with direct FT . . . 
Applying Jones Matrices to data . . . 
Adding thermal noise to data . . . 
Applying a priori calibration with estimated Jones matrices . . . 
Splitting Observation File into 64 times
WARNING:absl:The `aggregate` option is deprecated and will be ignored.
Welcome to eht-imaging! v 1.2.4 

Producing clean visibilities from movie with direct FT . . . 
Applying Jones Matrices to data . . . 
Adding thermal noise to data . . . 
Applying a priori calibration with estimated Jones matrices . . . 
Splitting Observation File into 64 times
/srv/tmp/kyle/miniconda3/envs/jax/lib/python3.9/site-packages/ehtim/__init__.py:56: UserWarning: pkg_resources is deprecated as an API. See https://setuptools.pypa.io/en/latest/pkg_resources.html. The pkg_resources package is slated for removal as early as 2025-11-30. Refrain from using this package or pin to Setuptools<81.
  import pkg_resources
WARNING:absl:The `aggregate` option is deprecated and will be ignored.
Welcome to eht-imaging! v 1.2.4 

Producing clean visibilities from movie with direct FT . . . 
Applying Jones Matrices to data . . . 
Adding thermal noise to data . . . 
Applying a priori calibration with estimated Jones matrices . . . 
Splitting Observation File into 64 times
WARNING:absl:Tensorflow library not found, tensorflow.io.gfile operations will use native shim calls. GCS paths (i.e. 'gs://...') cannot be accessed.
/srv/tmp/kyle/miniconda3/envs/jax/lib/python3.9/site-packages/xarray/core/computation.py:821: RuntimeWarning: invalid value encountered in sqrt
  result_data = func(*input_data)
/srv/tmp/kyle/miniconda3/envs/jax/lib/python3.9/site-packages/ehtim/__init__.py:56: UserWarning: pkg_resources is deprecated as an API. See https://setuptools.pypa.io/en/latest/pkg_resources.html. The pkg_resources package is slated for removal as early as 2025-11-30. Refrain from using this package or pin to Setuptools<81.
  import pkg_resources
/srv/tmp/kyle/miniconda3/envs/jax/lib/python3.9/site-packages/ehtim/__init__.py:56: UserWarning: pkg_resources is deprecated as an API. See https://setuptools.pypa.io/en/latest/pkg_resources.html. The pkg_resources package is slated for removal as early as 2025-11-30. Refrain from using this package or pin to Setuptools<81.
  import pkg_resources
WARNING:absl:Tensorflow library not found, tensorflow.io.gfile operations will use native shim calls. GCS paths (i.e. 'gs://...') cannot be accessed.
WARNING:absl:Tensorflow library not found, tensorflow.io.gfile operations will use native shim calls. GCS paths (i.e. 'gs://...') cannot be accessed.
/srv/tmp/kyle/miniconda3/envs/jax/lib/python3.9/site-packages/ehtim/__init__.py:56: UserWarning: pkg_resources is deprecated as an API. See https://setuptools.pypa.io/en/latest/pkg_resources.html. The pkg_resources package is slated for removal as early as 2025-11-30. Refrain from using this package or pin to Setuptools<81.
  import pkg_resources
WARNING:absl:Tensorflow library not found, tensorflow.io.gfile operations will use native shim calls. GCS paths (i.e. 'gs://...') cannot be accessed.
2025-07-25 16:31:37.990515: W external/xla/xla/service/gpu/nvptx_compiler.cc:765] The NVIDIA driver's CUDA version is 12.2 which is older than the ptxas CUDA version (12.9.86). Because the driver is older than the ptxas version, XLA is disabling parallel compilation, which may slow down compilation. You should update your NVIDIA driver or use the NVIDIA-provided CUDA forward compatibility packages.
/srv/tmp/kyle/miniconda3/envs/jax/lib/python3.9/site-packages/xarray/core/computation.py:821: RuntimeWarning: invalid value encountered in sqrt
  result_data = func(*input_data)
/srv/tmp/kyle/miniconda3/envs/jax/lib/python3.9/site-packages/xarray/core/computation.py:821: RuntimeWarning: invalid value encountered in sqrt
  result_data = func(*input_data)
/srv/tmp/kyle/miniconda3/envs/jax/lib/python3.9/site-packages/xarray/core/computation.py:821: RuntimeWarning: invalid value encountered in sqrt
  result_data = func(*input_data)
/srv/tmp/kyle/miniconda3/envs/jax/lib/python3.9/site-packages/xarray/core/computation.py:821: RuntimeWarning: invalid value encountered in sqrt
  result_data = func(*input_data)
2025-07-25 16:31:52.551534: W external/xla/xla/service/gpu/nvptx_compiler.cc:765] The NVIDIA driver's CUDA version is 12.2 which is older than the ptxas CUDA version (12.9.86). Because the driver is older than the ptxas version, XLA is disabling parallel compilation, which may slow down compilation. You should update your NVIDIA driver or use the NVIDIA-provided CUDA forward compatibility packages.
/srv/tmp/kyle/miniconda3/envs/jax/lib/python3.9/site-packages/xarray/core/computation.py:821: RuntimeWarning: invalid value encountered in sqrt
  result_data = func(*input_data)
2025-07-25 16:31:58.186346: W external/xla/xla/service/gpu/nvptx_compiler.cc:765] The NVIDIA driver's CUDA version is 12.2 which is older than the ptxas CUDA version (12.9.86). Because the driver is older than the ptxas version, XLA is disabling parallel compilation, which may slow down compilation. You should update your NVIDIA driver or use the NVIDIA-provided CUDA forward compatibility packages.
2025-07-25 16:31:58.186361: W external/xla/xla/service/gpu/nvptx_compiler.cc:765] The NVIDIA driver's CUDA version is 12.2 which is older than the ptxas CUDA version (12.9.86). Because the driver is older than the ptxas version, XLA is disabling parallel compilation, which may slow down compilation. You should update your NVIDIA driver or use the NVIDIA-provided CUDA forward compatibility packages.
/srv/tmp/kyle/miniconda3/envs/jax/lib/python3.9/site-packages/xarray/core/computation.py:821: RuntimeWarning: invalid value encountered in sqrt
  result_data = func(*input_data)
/srv/tmp/kyle/miniconda3/envs/jax/lib/python3.9/site-packages/xarray/core/computation.py:821: RuntimeWarning: invalid value encountered in sqrt
  result_data = func(*input_data)
WARNING:absl:The `aggregate` option is deprecated and will be ignored.
Welcome to eht-imaging! v 1.2.4 

Producing clean visibilities from movie with direct FT . . . 
Applying Jones Matrices to data . . . 
Adding thermal noise to data . . . 
Applying a priori calibration with estimated Jones matrices . . . 
Splitting Observation File into 64 times
WARNING:absl:The `aggregate` option is deprecated and will be ignored.
Welcome to eht-imaging! v 1.2.4 

Producing clean visibilities from movie with direct FT . . . 
Applying Jones Matrices to data . . . 
Adding thermal noise to data . . . 
Applying a priori calibration with estimated Jones matrices . . . 
Splitting Observation File into 64 times
WARNING:absl:The `aggregate` option is deprecated and will be ignored.
Welcome to eht-imaging! v 1.2.4 

Producing clean visibilities from movie with direct FT . . . 
Applying Jones Matrices to data . . . 
Adding thermal noise to data . . . 
Applying a priori calibration with estimated Jones matrices . . . 
Splitting Observation File into 64 times
WARNING:absl:The `aggregate` option is deprecated and will be ignored.
Welcome to eht-imaging! v 1.2.4 

Producing clean visibilities from movie with direct FT . . . 
Applying Jones Matrices to data . . . 
Adding thermal noise to data . . . 
Applying a priori calibration with estimated Jones matrices . . . 
Splitting Observation File into 64 times
/srv/tmp/kyle/miniconda3/envs/jax/lib/python3.9/site-packages/ehtim/__init__.py:56: UserWarning: pkg_resources is deprecated as an API. See https://setuptools.pypa.io/en/latest/pkg_resources.html. The pkg_resources package is slated for removal as early as 2025-11-30. Refrain from using this package or pin to Setuptools<81.
  import pkg_resources
WARNING:absl:Tensorflow library not found, tensorflow.io.gfile operations will use native shim calls. GCS paths (i.e. 'gs://...') cannot be accessed.
/srv/tmp/kyle/miniconda3/envs/jax/lib/python3.9/site-packages/ehtim/__init__.py:56: UserWarning: pkg_resources is deprecated as an API. See https://setuptools.pypa.io/en/latest/pkg_resources.html. The pkg_resources package is slated for removal as early as 2025-11-30. Refrain from using this package or pin to Setuptools<81.
  import pkg_resources
/srv/tmp/kyle/miniconda3/envs/jax/lib/python3.9/site-packages/xarray/core/computation.py:821: RuntimeWarning: invalid value encountered in sqrt
  result_data = func(*input_data)
WARNING:absl:Tensorflow library not found, tensorflow.io.gfile operations will use native shim calls. GCS paths (i.e. 'gs://...') cannot be accessed.
/srv/tmp/kyle/miniconda3/envs/jax/lib/python3.9/site-packages/ehtim/__init__.py:56: UserWarning: pkg_resources is deprecated as an API. See https://setuptools.pypa.io/en/latest/pkg_resources.html. The pkg_resources package is slated for removal as early as 2025-11-30. Refrain from using this package or pin to Setuptools<81.
  import pkg_resources
/srv/tmp/kyle/miniconda3/envs/jax/lib/python3.9/site-packages/ehtim/__init__.py:56: UserWarning: pkg_resources is deprecated as an API. See https://setuptools.pypa.io/en/latest/pkg_resources.html. The pkg_resources package is slated for removal as early as 2025-11-30. Refrain from using this package or pin to Setuptools<81.
  import pkg_resources
WARNING:absl:Tensorflow library not found, tensorflow.io.gfile operations will use native shim calls. GCS paths (i.e. 'gs://...') cannot be accessed.
WARNING:absl:Tensorflow library not found, tensorflow.io.gfile operations will use native shim calls. GCS paths (i.e. 'gs://...') cannot be accessed.
/srv/tmp/kyle/miniconda3/envs/jax/lib/python3.9/site-packages/xarray/core/computation.py:821: RuntimeWarning: invalid value encountered in sqrt
  result_data = func(*input_data)
2025-07-25 16:50:58.797474: W external/xla/xla/service/gpu/nvptx_compiler.cc:765] The NVIDIA driver's CUDA version is 12.2 which is older than the ptxas CUDA version (12.9.86). Because the driver is older than the ptxas version, XLA is disabling parallel compilation, which may slow down compilation. You should update your NVIDIA driver or use the NVIDIA-provided CUDA forward compatibility packages.
/srv/tmp/kyle/miniconda3/envs/jax/lib/python3.9/site-packages/xarray/core/computation.py:821: RuntimeWarning: invalid value encountered in sqrt
  result_data = func(*input_data)
/srv/tmp/kyle/miniconda3/envs/jax/lib/python3.9/site-packages/xarray/core/computation.py:821: RuntimeWarning: invalid value encountered in sqrt
  result_data = func(*input_data)
/srv/tmp/kyle/miniconda3/envs/jax/lib/python3.9/site-packages/xarray/core/computation.py:821: RuntimeWarning: invalid value encountered in sqrt
  result_data = func(*input_data)
2025-07-25 16:51:10.275259: W external/xla/xla/service/gpu/nvptx_compiler.cc:765] The NVIDIA driver's CUDA version is 12.2 which is older than the ptxas CUDA version (12.9.86). Because the driver is older than the ptxas version, XLA is disabling parallel compilation, which may slow down compilation. You should update your NVIDIA driver or use the NVIDIA-provided CUDA forward compatibility packages.
/srv/tmp/kyle/miniconda3/envs/jax/lib/python3.9/site-packages/xarray/core/computation.py:821: RuntimeWarning: invalid value encountered in sqrt
  result_data = func(*input_data)
2025-07-25 16:51:15.713860: W external/xla/xla/service/gpu/nvptx_compiler.cc:765] The NVIDIA driver's CUDA version is 12.2 which is older than the ptxas CUDA version (12.9.86). Because the driver is older than the ptxas version, XLA is disabling parallel compilation, which may slow down compilation. You should update your NVIDIA driver or use the NVIDIA-provided CUDA forward compatibility packages.
/srv/tmp/kyle/miniconda3/envs/jax/lib/python3.9/site-packages/xarray/core/computation.py:821: RuntimeWarning: invalid value encountered in sqrt
  result_data = func(*input_data)
2025-07-25 16:51:19.323961: W external/xla/xla/service/gpu/nvptx_compiler.cc:765] The NVIDIA driver's CUDA version is 12.2 which is older than the ptxas CUDA version (12.9.86). Because the driver is older than the ptxas version, XLA is disabling parallel compilation, which may slow down compilation. You should update your NVIDIA driver or use the NVIDIA-provided CUDA forward compatibility packages.
/srv/tmp/kyle/miniconda3/envs/jax/lib/python3.9/site-packages/xarray/core/computation.py:821: RuntimeWarning: invalid value encountered in sqrt
  result_data = func(*input_data)
WARNING:absl:The `aggregate` option is deprecated and will be ignored.
Welcome to eht-imaging! v 1.2.4 

Producing clean visibilities from movie with direct FT . . . 
Applying Jones Matrices to data . . . 
Adding thermal noise to data . . . 
Applying a priori calibration with estimated Jones matrices . . . 
Splitting Observation File into 64 times
WARNING:absl:The `aggregate` option is deprecated and will be ignored.
Welcome to eht-imaging! v 1.2.4 

Producing clean visibilities from movie with direct FT . . . 
Applying Jones Matrices to data . . . 
Adding thermal noise to data . . . 
Applying a priori calibration with estimated Jones matrices . . . 
Splitting Observation File into 64 times
WARNING:absl:The `aggregate` option is deprecated and will be ignored.
Welcome to eht-imaging! v 1.2.4 

Producing clean visibilities from movie with direct FT . . . 
Applying Jones Matrices to data . . . 
Adding thermal noise to data . . . 
Applying a priori calibration with estimated Jones matrices . . . 
Splitting Observation File into 64 times
WARNING:absl:The `aggregate` option is deprecated and will be ignored.
Welcome to eht-imaging! v 1.2.4 

Producing clean visibilities from movie with direct FT . . . 
Applying Jones Matrices to data . . . 
Adding thermal noise to data . . . 
Applying a priori calibration with estimated Jones matrices . . . 
Splitting Observation File into 64 times
/srv/tmp/kyle/miniconda3/envs/jax/lib/python3.9/site-packages/ehtim/__init__.py:56: UserWarning: pkg_resources is deprecated as an API. See https://setuptools.pypa.io/en/latest/pkg_resources.html. The pkg_resources package is slated for removal as early as 2025-11-30. Refrain from using this package or pin to Setuptools<81.
  import pkg_resources
/srv/tmp/kyle/miniconda3/envs/jax/lib/python3.9/site-packages/ehtim/__init__.py:56: UserWarning: pkg_resources is deprecated as an API. See https://setuptools.pypa.io/en/latest/pkg_resources.html. The pkg_resources package is slated for removal as early as 2025-11-30. Refrain from using this package or pin to Setuptools<81.
  import pkg_resources
WARNING:absl:Tensorflow library not found, tensorflow.io.gfile operations will use native shim calls. GCS paths (i.e. 'gs://...') cannot be accessed.
WARNING:absl:Tensorflow library not found, tensorflow.io.gfile operations will use native shim calls. GCS paths (i.e. 'gs://...') cannot be accessed.
/srv/tmp/kyle/miniconda3/envs/jax/lib/python3.9/site-packages/ehtim/__init__.py:56: UserWarning: pkg_resources is deprecated as an API. See https://setuptools.pypa.io/en/latest/pkg_resources.html. The pkg_resources package is slated for removal as early as 2025-11-30. Refrain from using this package or pin to Setuptools<81.
  import pkg_resources
WARNING:absl:Tensorflow library not found, tensorflow.io.gfile operations will use native shim calls. GCS paths (i.e. 'gs://...') cannot be accessed.
/srv/tmp/kyle/miniconda3/envs/jax/lib/python3.9/site-packages/xarray/core/computation.py:821: RuntimeWarning: invalid value encountered in sqrt
  result_data = func(*input_data)
/srv/tmp/kyle/miniconda3/envs/jax/lib/python3.9/site-packages/xarray/core/computation.py:821: RuntimeWarning: invalid value encountered in sqrt
  result_data = func(*input_data)
/srv/tmp/kyle/miniconda3/envs/jax/lib/python3.9/site-packages/ehtim/__init__.py:56: UserWarning: pkg_resources is deprecated as an API. See https://setuptools.pypa.io/en/latest/pkg_resources.html. The pkg_resources package is slated for removal as early as 2025-11-30. Refrain from using this package or pin to Setuptools<81.
  import pkg_resources
WARNING:absl:Tensorflow library not found, tensorflow.io.gfile operations will use native shim calls. GCS paths (i.e. 'gs://...') cannot be accessed.
2025-07-25 17:10:33.940821: W external/xla/xla/service/gpu/nvptx_compiler.cc:765] The NVIDIA driver's CUDA version is 12.2 which is older than the ptxas CUDA version (12.9.86). Because the driver is older than the ptxas version, XLA is disabling parallel compilation, which may slow down compilation. You should update your NVIDIA driver or use the NVIDIA-provided CUDA forward compatibility packages.
/srv/tmp/kyle/miniconda3/envs/jax/lib/python3.9/site-packages/xarray/core/computation.py:821: RuntimeWarning: invalid value encountered in sqrt
  result_data = func(*input_data)
2025-07-25 17:10:35.754733: W external/xla/xla/service/gpu/nvptx_compiler.cc:765] The NVIDIA driver's CUDA version is 12.2 which is older than the ptxas CUDA version (12.9.86). Because the driver is older than the ptxas version, XLA is disabling parallel compilation, which may slow down compilation. You should update your NVIDIA driver or use the NVIDIA-provided CUDA forward compatibility packages.
/srv/tmp/kyle/miniconda3/envs/jax/lib/python3.9/site-packages/xarray/core/computation.py:821: RuntimeWarning: invalid value encountered in sqrt
  result_data = func(*input_data)
/srv/tmp/kyle/miniconda3/envs/jax/lib/python3.9/site-packages/xarray/core/computation.py:821: RuntimeWarning: invalid value encountered in sqrt
  result_data = func(*input_data)
/srv/tmp/kyle/miniconda3/envs/jax/lib/python3.9/site-packages/xarray/core/computation.py:821: RuntimeWarning: invalid value encountered in sqrt
  result_data = func(*input_data)
2025-07-25 17:10:49.148131: W external/xla/xla/service/gpu/nvptx_compiler.cc:765] The NVIDIA driver's CUDA version is 12.2 which is older than the ptxas CUDA version (12.9.86). Because the driver is older than the ptxas version, XLA is disabling parallel compilation, which may slow down compilation. You should update your NVIDIA driver or use the NVIDIA-provided CUDA forward compatibility packages.
/srv/tmp/kyle/miniconda3/envs/jax/lib/python3.9/site-packages/xarray/core/computation.py:821: RuntimeWarning: invalid value encountered in sqrt
  result_data = func(*input_data)
2025-07-25 17:10:51.962263: W external/xla/xla/service/gpu/nvptx_compiler.cc:765] The NVIDIA driver's CUDA version is 12.2 which is older than the ptxas CUDA version (12.9.86). Because the driver is older than the ptxas version, XLA is disabling parallel compilation, which may slow down compilation. You should update your NVIDIA driver or use the NVIDIA-provided CUDA forward compatibility packages.
/srv/tmp/kyle/miniconda3/envs/jax/lib/python3.9/site-packages/xarray/core/computation.py:821: RuntimeWarning: invalid value encountered in sqrt
  result_data = func(*input_data)
WARNING:absl:The `aggregate` option is deprecated and will be ignored.
Welcome to eht-imaging! v 1.2.4 

Producing clean visibilities from movie with direct FT . . . 
Applying Jones Matrices to data . . . 
Adding thermal noise to data . . . 
Applying a priori calibration with estimated Jones matrices . . . 
Splitting Observation File into 64 times
WARNING:absl:The `aggregate` option is deprecated and will be ignored.
Welcome to eht-imaging! v 1.2.4 

Producing clean visibilities from movie with direct FT . . . 
Applying Jones Matrices to data . . . 
Adding thermal noise to data . . . 
Applying a priori calibration with estimated Jones matrices . . . 
Splitting Observation File into 64 times
WARNING:absl:The `aggregate` option is deprecated and will be ignored.
Welcome to eht-imaging! v 1.2.4 

Producing clean visibilities from movie with direct FT . . . 
Applying Jones Matrices to data . . . 
Adding thermal noise to data . . . 
Applying a priori calibration with estimated Jones matrices . . . 
Splitting Observation File into 64 times
WARNING:absl:The `aggregate` option is deprecated and will be ignored.
Welcome to eht-imaging! v 1.2.4 

Producing clean visibilities from movie with direct FT . . . 
Applying Jones Matrices to data . . . 
Adding thermal noise to data . . . 
Applying a priori calibration with estimated Jones matrices . . . 
Splitting Observation File into 64 times
/srv/tmp/kyle/miniconda3/envs/jax/lib/python3.9/site-packages/ehtim/__init__.py:56: UserWarning: pkg_resources is deprecated as an API. See https://setuptools.pypa.io/en/latest/pkg_resources.html. The pkg_resources package is slated for removal as early as 2025-11-30. Refrain from using this package or pin to Setuptools<81.
  import pkg_resources
/srv/tmp/kyle/miniconda3/envs/jax/lib/python3.9/site-packages/ehtim/__init__.py:56: UserWarning: pkg_resources is deprecated as an API. See https://setuptools.pypa.io/en/latest/pkg_resources.html. The pkg_resources package is slated for removal as early as 2025-11-30. Refrain from using this package or pin to Setuptools<81.
  import pkg_resources
WARNING:absl:Tensorflow library not found, tensorflow.io.gfile operations will use native shim calls. GCS paths (i.e. 'gs://...') cannot be accessed.
WARNING:absl:Tensorflow library not found, tensorflow.io.gfile operations will use native shim calls. GCS paths (i.e. 'gs://...') cannot be accessed.
/srv/tmp/kyle/miniconda3/envs/jax/lib/python3.9/site-packages/ehtim/__init__.py:56: UserWarning: pkg_resources is deprecated as an API. See https://setuptools.pypa.io/en/latest/pkg_resources.html. The pkg_resources package is slated for removal as early as 2025-11-30. Refrain from using this package or pin to Setuptools<81.
  import pkg_resources
/srv/tmp/kyle/miniconda3/envs/jax/lib/python3.9/site-packages/xarray/core/computation.py:821: RuntimeWarning: invalid value encountered in sqrt
  result_data = func(*input_data)
/srv/tmp/kyle/miniconda3/envs/jax/lib/python3.9/site-packages/xarray/core/computation.py:821: RuntimeWarning: invalid value encountered in sqrt
  result_data = func(*input_data)
WARNING:absl:Tensorflow library not found, tensorflow.io.gfile operations will use native shim calls. GCS paths (i.e. 'gs://...') cannot be accessed.
/srv/tmp/kyle/miniconda3/envs/jax/lib/python3.9/site-packages/ehtim/__init__.py:56: UserWarning: pkg_resources is deprecated as an API. See https://setuptools.pypa.io/en/latest/pkg_resources.html. The pkg_resources package is slated for removal as early as 2025-11-30. Refrain from using this package or pin to Setuptools<81.
  import pkg_resources
WARNING:absl:Tensorflow library not found, tensorflow.io.gfile operations will use native shim calls. GCS paths (i.e. 'gs://...') cannot be accessed.
2025-07-25 17:29:52.053688: W external/xla/xla/service/gpu/nvptx_compiler.cc:765] The NVIDIA driver's CUDA version is 12.2 which is older than the ptxas CUDA version (12.9.86). Because the driver is older than the ptxas version, XLA is disabling parallel compilation, which may slow down compilation. You should update your NVIDIA driver or use the NVIDIA-provided CUDA forward compatibility packages.
2025-07-25 17:29:52.053680: W external/xla/xla/service/gpu/nvptx_compiler.cc:765] The NVIDIA driver's CUDA version is 12.2 which is older than the ptxas CUDA version (12.9.86). Because the driver is older than the ptxas version, XLA is disabling parallel compilation, which may slow down compilation. You should update your NVIDIA driver or use the NVIDIA-provided CUDA forward compatibility packages.
/srv/tmp/kyle/miniconda3/envs/jax/lib/python3.9/site-packages/xarray/core/computation.py:821: RuntimeWarning: invalid value encountered in sqrt
  result_data = func(*input_data)
/srv/tmp/kyle/miniconda3/envs/jax/lib/python3.9/site-packages/xarray/core/computation.py:821: RuntimeWarning: invalid value encountered in sqrt
  result_data = func(*input_data)
/srv/tmp/kyle/miniconda3/envs/jax/lib/python3.9/site-packages/xarray/core/computation.py:821: RuntimeWarning: invalid value encountered in sqrt
  result_data = func(*input_data)
/srv/tmp/kyle/miniconda3/envs/jax/lib/python3.9/site-packages/xarray/core/computation.py:821: RuntimeWarning: invalid value encountered in sqrt
  result_data = func(*input_data)
2025-07-25 17:30:08.128992: W external/xla/xla/service/gpu/nvptx_compiler.cc:765] The NVIDIA driver's CUDA version is 12.2 which is older than the ptxas CUDA version (12.9.86). Because the driver is older than the ptxas version, XLA is disabling parallel compilation, which may slow down compilation. You should update your NVIDIA driver or use the NVIDIA-provided CUDA forward compatibility packages.
/srv/tmp/kyle/miniconda3/envs/jax/lib/python3.9/site-packages/xarray/core/computation.py:821: RuntimeWarning: invalid value encountered in sqrt
  result_data = func(*input_data)
2025-07-25 17:30:14.087056: W external/xla/xla/service/gpu/nvptx_compiler.cc:765] The NVIDIA driver's CUDA version is 12.2 which is older than the ptxas CUDA version (12.9.86). Because the driver is older than the ptxas version, XLA is disabling parallel compilation, which may slow down compilation. You should update your NVIDIA driver or use the NVIDIA-provided CUDA forward compatibility packages.
/srv/tmp/kyle/miniconda3/envs/jax/lib/python3.9/site-packages/xarray/core/computation.py:821: RuntimeWarning: invalid value encountered in sqrt
  result_data = func(*input_data)
WARNING:absl:The `aggregate` option is deprecated and will be ignored.
WARNING:absl:The `aggregate` option is deprecated and will be ignored.
Welcome to eht-imaging! v 1.2.4 

Producing clean visibilities from movie with direct FT . . . 
Applying Jones Matrices to data . . . 
Adding thermal noise to data . . . 
Applying a priori calibration with estimated Jones matrices . . . 
Splitting Observation File into 64 times
Welcome to eht-imaging! v 1.2.4 

Producing clean visibilities from movie with direct FT . . . 
Applying Jones Matrices to data . . . 
Adding thermal noise to data . . . 
Applying a priori calibration with estimated Jones matrices . . . 
Splitting Observation File into 64 times
WARNING:absl:The `aggregate` option is deprecated and will be ignored.
Welcome to eht-imaging! v 1.2.4 

Producing clean visibilities from movie with direct FT . . . 
Applying Jones Matrices to data . . . 
Adding thermal noise to data . . . 
Applying a priori calibration with estimated Jones matrices . . . 
Splitting Observation File into 64 times
/srv/tmp/kyle/miniconda3/envs/jax/lib/python3.9/site-packages/ehtim/__init__.py:56: UserWarning: pkg_resources is deprecated as an API. See https://setuptools.pypa.io/en/latest/pkg_resources.html. The pkg_resources package is slated for removal as early as 2025-11-30. Refrain from using this package or pin to Setuptools<81.
  import pkg_resources
/srv/tmp/kyle/miniconda3/envs/jax/lib/python3.9/site-packages/ehtim/__init__.py:56: UserWarning: pkg_resources is deprecated as an API. See https://setuptools.pypa.io/en/latest/pkg_resources.html. The pkg_resources package is slated for removal as early as 2025-11-30. Refrain from using this package or pin to Setuptools<81.
  import pkg_resources
WARNING:absl:Tensorflow library not found, tensorflow.io.gfile operations will use native shim calls. GCS paths (i.e. 'gs://...') cannot be accessed.
WARNING:absl:Tensorflow library not found, tensorflow.io.gfile operations will use native shim calls. GCS paths (i.e. 'gs://...') cannot be accessed.
WARNING:absl:The `aggregate` option is deprecated and will be ignored.
Welcome to eht-imaging! v 1.2.4 

Producing clean visibilities from movie with direct FT . . . 
Applying Jones Matrices to data . . . 
Adding thermal noise to data . . . 
Applying a priori calibration with estimated Jones matrices . . . 
Splitting Observation File into 64 times
/srv/tmp/kyle/miniconda3/envs/jax/lib/python3.9/site-packages/ehtim/__init__.py:56: UserWarning: pkg_resources is deprecated as an API. See https://setuptools.pypa.io/en/latest/pkg_resources.html. The pkg_resources package is slated for removal as early as 2025-11-30. Refrain from using this package or pin to Setuptools<81.
  import pkg_resources
WARNING:absl:Tensorflow library not found, tensorflow.io.gfile operations will use native shim calls. GCS paths (i.e. 'gs://...') cannot be accessed.
/srv/tmp/kyle/miniconda3/envs/jax/lib/python3.9/site-packages/xarray/core/computation.py:821: RuntimeWarning: invalid value encountered in sqrt
  result_data = func(*input_data)
/srv/tmp/kyle/miniconda3/envs/jax/lib/python3.9/site-packages/xarray/core/computation.py:821: RuntimeWarning: invalid value encountered in sqrt
  result_data = func(*input_data)
/srv/tmp/kyle/miniconda3/envs/jax/lib/python3.9/site-packages/xarray/core/computation.py:821: RuntimeWarning: invalid value encountered in sqrt
  result_data = func(*input_data)
2025-07-25 17:49:29.023511: W external/xla/xla/service/gpu/nvptx_compiler.cc:765] The NVIDIA driver's CUDA version is 12.2 which is older than the ptxas CUDA version (12.9.86). Because the driver is older than the ptxas version, XLA is disabling parallel compilation, which may slow down compilation. You should update your NVIDIA driver or use the NVIDIA-provided CUDA forward compatibility packages.
/srv/tmp/kyle/miniconda3/envs/jax/lib/python3.9/site-packages/xarray/core/computation.py:821: RuntimeWarning: invalid value encountered in sqrt
  result_data = func(*input_data)
/srv/tmp/kyle/miniconda3/envs/jax/lib/python3.9/site-packages/ehtim/__init__.py:56: UserWarning: pkg_resources is deprecated as an API. See https://setuptools.pypa.io/en/latest/pkg_resources.html. The pkg_resources package is slated for removal as early as 2025-11-30. Refrain from using this package or pin to Setuptools<81.
  import pkg_resources
WARNING:absl:Tensorflow library not found, tensorflow.io.gfile operations will use native shim calls. GCS paths (i.e. 'gs://...') cannot be accessed.
2025-07-25 17:49:34.540238: W external/xla/xla/service/gpu/nvptx_compiler.cc:765] The NVIDIA driver's CUDA version is 12.2 which is older than the ptxas CUDA version (12.9.86). Because the driver is older than the ptxas version, XLA is disabling parallel compilation, which may slow down compilation. You should update your NVIDIA driver or use the NVIDIA-provided CUDA forward compatibility packages.
/srv/tmp/kyle/miniconda3/envs/jax/lib/python3.9/site-packages/xarray/core/computation.py:821: RuntimeWarning: invalid value encountered in sqrt
  result_data = func(*input_data)
2025-07-25 17:49:38.745863: W external/xla/xla/service/gpu/nvptx_compiler.cc:765] The NVIDIA driver's CUDA version is 12.2 which is older than the ptxas CUDA version (12.9.86). Because the driver is older than the ptxas version, XLA is disabling parallel compilation, which may slow down compilation. You should update your NVIDIA driver or use the NVIDIA-provided CUDA forward compatibility packages.
/srv/tmp/kyle/miniconda3/envs/jax/lib/python3.9/site-packages/xarray/core/computation.py:821: RuntimeWarning: invalid value encountered in sqrt
  result_data = func(*input_data)
/srv/tmp/kyle/miniconda3/envs/jax/lib/python3.9/site-packages/xarray/core/computation.py:821: RuntimeWarning: invalid value encountered in sqrt
  result_data = func(*input_data)
2025-07-25 17:50:03.277128: W external/xla/xla/service/gpu/nvptx_compiler.cc:765] The NVIDIA driver's CUDA version is 12.2 which is older than the ptxas CUDA version (12.9.86). Because the driver is older than the ptxas version, XLA is disabling parallel compilation, which may slow down compilation. You should update your NVIDIA driver or use the NVIDIA-provided CUDA forward compatibility packages.
/srv/tmp/kyle/miniconda3/envs/jax/lib/python3.9/site-packages/xarray/core/computation.py:821: RuntimeWarning: invalid value encountered in sqrt
  result_data = func(*input_data)
WARNING:absl:The `aggregate` option is deprecated and will be ignored.
Welcome to eht-imaging! v 1.2.4 

Producing clean visibilities from movie with direct FT . . . 
Applying Jones Matrices to data . . . 
Adding thermal noise to data . . . 
Applying a priori calibration with estimated Jones matrices . . . 
Splitting Observation File into 64 times
WARNING:absl:The `aggregate` option is deprecated and will be ignored.
Welcome to eht-imaging! v 1.2.4 

Producing clean visibilities from movie with direct FT . . . 
Applying Jones Matrices to data . . . 
Adding thermal noise to data . . . 
Applying a priori calibration with estimated Jones matrices . . . 
Splitting Observation File into 64 times
WARNING:absl:The `aggregate` option is deprecated and will be ignored.
Welcome to eht-imaging! v 1.2.4 

Producing clean visibilities from movie with direct FT . . . 
Applying Jones Matrices to data . . . 
Adding thermal noise to data . . . 
Applying a priori calibration with estimated Jones matrices . . . 
Splitting Observation File into 64 times
/srv/tmp/kyle/miniconda3/envs/jax/lib/python3.9/site-packages/ehtim/__init__.py:56: UserWarning: pkg_resources is deprecated as an API. See https://setuptools.pypa.io/en/latest/pkg_resources.html. The pkg_resources package is slated for removal as early as 2025-11-30. Refrain from using this package or pin to Setuptools<81.
  import pkg_resources
WARNING:absl:Tensorflow library not found, tensorflow.io.gfile operations will use native shim calls. GCS paths (i.e. 'gs://...') cannot be accessed.
/srv/tmp/kyle/miniconda3/envs/jax/lib/python3.9/site-packages/ehtim/__init__.py:56: UserWarning: pkg_resources is deprecated as an API. See https://setuptools.pypa.io/en/latest/pkg_resources.html. The pkg_resources package is slated for removal as early as 2025-11-30. Refrain from using this package or pin to Setuptools<81.
  import pkg_resources
WARNING:absl:Tensorflow library not found, tensorflow.io.gfile operations will use native shim calls. GCS paths (i.e. 'gs://...') cannot be accessed.
/srv/tmp/kyle/miniconda3/envs/jax/lib/python3.9/site-packages/xarray/core/computation.py:821: RuntimeWarning: invalid value encountered in sqrt
  result_data = func(*input_data)
/srv/tmp/kyle/miniconda3/envs/jax/lib/python3.9/site-packages/ehtim/__init__.py:56: UserWarning: pkg_resources is deprecated as an API. See https://setuptools.pypa.io/en/latest/pkg_resources.html. The pkg_resources package is slated for removal as early as 2025-11-30. Refrain from using this package or pin to Setuptools<81.
  import pkg_resources
WARNING:absl:Tensorflow library not found, tensorflow.io.gfile operations will use native shim calls. GCS paths (i.e. 'gs://...') cannot be accessed.
WARNING:absl:The `aggregate` option is deprecated and will be ignored.
Welcome to eht-imaging! v 1.2.4 

Producing clean visibilities from movie with direct FT . . . 
Applying Jones Matrices to data . . . 
Adding thermal noise to data . . . 
Applying a priori calibration with estimated Jones matrices . . . 
Splitting Observation File into 64 times
/srv/tmp/kyle/miniconda3/envs/jax/lib/python3.9/site-packages/xarray/core/computation.py:821: RuntimeWarning: invalid value encountered in sqrt
  result_data = func(*input_data)
2025-07-25 18:08:50.083925: W external/xla/xla/service/gpu/nvptx_compiler.cc:765] The NVIDIA driver's CUDA version is 12.2 which is older than the ptxas CUDA version (12.9.86). Because the driver is older than the ptxas version, XLA is disabling parallel compilation, which may slow down compilation. You should update your NVIDIA driver or use the NVIDIA-provided CUDA forward compatibility packages.
/srv/tmp/kyle/miniconda3/envs/jax/lib/python3.9/site-packages/xarray/core/computation.py:821: RuntimeWarning: invalid value encountered in sqrt
  result_data = func(*input_data)
/srv/tmp/kyle/miniconda3/envs/jax/lib/python3.9/site-packages/xarray/core/computation.py:821: RuntimeWarning: invalid value encountered in sqrt
  result_data = func(*input_data)
2025-07-25 18:08:58.779957: W external/xla/xla/service/gpu/nvptx_compiler.cc:765] The NVIDIA driver's CUDA version is 12.2 which is older than the ptxas CUDA version (12.9.86). Because the driver is older than the ptxas version, XLA is disabling parallel compilation, which may slow down compilation. You should update your NVIDIA driver or use the NVIDIA-provided CUDA forward compatibility packages.
/srv/tmp/kyle/miniconda3/envs/jax/lib/python3.9/site-packages/xarray/core/computation.py:821: RuntimeWarning: invalid value encountered in sqrt
  result_data = func(*input_data)
/srv/tmp/kyle/miniconda3/envs/jax/lib/python3.9/site-packages/ehtim/__init__.py:56: UserWarning: pkg_resources is deprecated as an API. See https://setuptools.pypa.io/en/latest/pkg_resources.html. The pkg_resources package is slated for removal as early as 2025-11-30. Refrain from using this package or pin to Setuptools<81.
  import pkg_resources
2025-07-25 18:09:08.454694: W external/xla/xla/service/gpu/nvptx_compiler.cc:765] The NVIDIA driver's CUDA version is 12.2 which is older than the ptxas CUDA version (12.9.86). Because the driver is older than the ptxas version, XLA is disabling parallel compilation, which may slow down compilation. You should update your NVIDIA driver or use the NVIDIA-provided CUDA forward compatibility packages.
/srv/tmp/kyle/miniconda3/envs/jax/lib/python3.9/site-packages/xarray/core/computation.py:821: RuntimeWarning: invalid value encountered in sqrt
  result_data = func(*input_data)
WARNING:absl:Tensorflow library not found, tensorflow.io.gfile operations will use native shim calls. GCS paths (i.e. 'gs://...') cannot be accessed.
/srv/tmp/kyle/miniconda3/envs/jax/lib/python3.9/site-packages/xarray/core/computation.py:821: RuntimeWarning: invalid value encountered in sqrt
  result_data = func(*input_data)
2025-07-25 18:09:44.401864: W external/xla/xla/service/gpu/nvptx_compiler.cc:765] The NVIDIA driver's CUDA version is 12.2 which is older than the ptxas CUDA version (12.9.86). Because the driver is older than the ptxas version, XLA is disabling parallel compilation, which may slow down compilation. You should update your NVIDIA driver or use the NVIDIA-provided CUDA forward compatibility packages.
/srv/tmp/kyle/miniconda3/envs/jax/lib/python3.9/site-packages/xarray/core/computation.py:821: RuntimeWarning: invalid value encountered in sqrt
  result_data = func(*input_data)
WARNING:absl:The `aggregate` option is deprecated and will be ignored.
Welcome to eht-imaging! v 1.2.4 

Producing clean visibilities from movie with direct FT . . . 
Applying Jones Matrices to data . . . 
Adding thermal noise to data . . . 
Applying a priori calibration with estimated Jones matrices . . . 
Splitting Observation File into 64 times
WARNING:absl:The `aggregate` option is deprecated and will be ignored.
Welcome to eht-imaging! v 1.2.4 

Producing clean visibilities from movie with direct FT . . . 
Applying Jones Matrices to data . . . 
Adding thermal noise to data . . . 
Applying a priori calibration with estimated Jones matrices . . . 
Splitting Observation File into 64 times
WARNING:absl:The `aggregate` option is deprecated and will be ignored.
Welcome to eht-imaging! v 1.2.4 

Producing clean visibilities from movie with direct FT . . . 
Applying Jones Matrices to data . . . 
Adding thermal noise to data . . . 
Applying a priori calibration with estimated Jones matrices . . . 
Splitting Observation File into 64 times
/srv/tmp/kyle/miniconda3/envs/jax/lib/python3.9/site-packages/ehtim/__init__.py:56: UserWarning: pkg_resources is deprecated as an API. See https://setuptools.pypa.io/en/latest/pkg_resources.html. The pkg_resources package is slated for removal as early as 2025-11-30. Refrain from using this package or pin to Setuptools<81.
  import pkg_resources
WARNING:absl:Tensorflow library not found, tensorflow.io.gfile operations will use native shim calls. GCS paths (i.e. 'gs://...') cannot be accessed.
/srv/tmp/kyle/miniconda3/envs/jax/lib/python3.9/site-packages/ehtim/__init__.py:56: UserWarning: pkg_resources is deprecated as an API. See https://setuptools.pypa.io/en/latest/pkg_resources.html. The pkg_resources package is slated for removal as early as 2025-11-30. Refrain from using this package or pin to Setuptools<81.
  import pkg_resources
WARNING:absl:Tensorflow library not found, tensorflow.io.gfile operations will use native shim calls. GCS paths (i.e. 'gs://...') cannot be accessed.
/srv/tmp/kyle/miniconda3/envs/jax/lib/python3.9/site-packages/ehtim/__init__.py:56: UserWarning: pkg_resources is deprecated as an API. See https://setuptools.pypa.io/en/latest/pkg_resources.html. The pkg_resources package is slated for removal as early as 2025-11-30. Refrain from using this package or pin to Setuptools<81.
  import pkg_resources
/srv/tmp/kyle/miniconda3/envs/jax/lib/python3.9/site-packages/xarray/core/computation.py:821: RuntimeWarning: invalid value encountered in sqrt
  result_data = func(*input_data)
WARNING:absl:Tensorflow library not found, tensorflow.io.gfile operations will use native shim calls. GCS paths (i.e. 'gs://...') cannot be accessed.
2025-07-25 18:28:08.607334: W external/xla/xla/service/gpu/nvptx_compiler.cc:765] The NVIDIA driver's CUDA version is 12.2 which is older than the ptxas CUDA version (12.9.86). Because the driver is older than the ptxas version, XLA is disabling parallel compilation, which may slow down compilation. You should update your NVIDIA driver or use the NVIDIA-provided CUDA forward compatibility packages.
/srv/tmp/kyle/miniconda3/envs/jax/lib/python3.9/site-packages/xarray/core/computation.py:821: RuntimeWarning: invalid value encountered in sqrt
  result_data = func(*input_data)
WARNING:absl:The `aggregate` option is deprecated and will be ignored.
Welcome to eht-imaging! v 1.2.4 

Producing clean visibilities from movie with direct FT . . . 
Applying Jones Matrices to data . . . 
Adding thermal noise to data . . . 
Applying a priori calibration with estimated Jones matrices . . . 
Splitting Observation File into 64 times
/srv/tmp/kyle/miniconda3/envs/jax/lib/python3.9/site-packages/xarray/core/computation.py:821: RuntimeWarning: invalid value encountered in sqrt
  result_data = func(*input_data)
/srv/tmp/kyle/miniconda3/envs/jax/lib/python3.9/site-packages/xarray/core/computation.py:821: RuntimeWarning: invalid value encountered in sqrt
  result_data = func(*input_data)
2025-07-25 18:28:26.043439: W external/xla/xla/service/gpu/nvptx_compiler.cc:765] The NVIDIA driver's CUDA version is 12.2 which is older than the ptxas CUDA version (12.9.86). Because the driver is older than the ptxas version, XLA is disabling parallel compilation, which may slow down compilation. You should update your NVIDIA driver or use the NVIDIA-provided CUDA forward compatibility packages.
/srv/tmp/kyle/miniconda3/envs/jax/lib/python3.9/site-packages/xarray/core/computation.py:821: RuntimeWarning: invalid value encountered in sqrt
  result_data = func(*input_data)
2025-07-25 18:28:28.608482: W external/xla/xla/service/gpu/nvptx_compiler.cc:765] The NVIDIA driver's CUDA version is 12.2 which is older than the ptxas CUDA version (12.9.86). Because the driver is older than the ptxas version, XLA is disabling parallel compilation, which may slow down compilation. You should update your NVIDIA driver or use the NVIDIA-provided CUDA forward compatibility packages.
/srv/tmp/kyle/miniconda3/envs/jax/lib/python3.9/site-packages/xarray/core/computation.py:821: RuntimeWarning: invalid value encountered in sqrt
  result_data = func(*input_data)
/srv/tmp/kyle/miniconda3/envs/jax/lib/python3.9/site-packages/ehtim/__init__.py:56: UserWarning: pkg_resources is deprecated as an API. See https://setuptools.pypa.io/en/latest/pkg_resources.html. The pkg_resources package is slated for removal as early as 2025-11-30. Refrain from using this package or pin to Setuptools<81.
  import pkg_resources
WARNING:absl:Tensorflow library not found, tensorflow.io.gfile operations will use native shim calls. GCS paths (i.e. 'gs://...') cannot be accessed.
/srv/tmp/kyle/miniconda3/envs/jax/lib/python3.9/site-packages/xarray/core/computation.py:821: RuntimeWarning: invalid value encountered in sqrt
  result_data = func(*input_data)
2025-07-25 18:29:03.764835: W external/xla/xla/service/gpu/nvptx_compiler.cc:765] The NVIDIA driver's CUDA version is 12.2 which is older than the ptxas CUDA version (12.9.86). Because the driver is older than the ptxas version, XLA is disabling parallel compilation, which may slow down compilation. You should update your NVIDIA driver or use the NVIDIA-provided CUDA forward compatibility packages.
/srv/tmp/kyle/miniconda3/envs/jax/lib/python3.9/site-packages/xarray/core/computation.py:821: RuntimeWarning: invalid value encountered in sqrt
  result_data = func(*input_data)
WARNING:absl:The `aggregate` option is deprecated and will be ignored.
Welcome to eht-imaging! v 1.2.4 

Producing clean visibilities from movie with direct FT . . . 
Applying Jones Matrices to data . . . 
Adding thermal noise to data . . . 
Applying a priori calibration with estimated Jones matrices . . . 
Splitting Observation File into 64 times
WARNING:absl:The `aggregate` option is deprecated and will be ignored.
Welcome to eht-imaging! v 1.2.4 

Producing clean visibilities from movie with direct FT . . . 
Applying Jones Matrices to data . . . 
Adding thermal noise to data . . . 
Applying a priori calibration with estimated Jones matrices . . . 
Splitting Observation File into 64 times
/srv/tmp/kyle/miniconda3/envs/jax/lib/python3.9/site-packages/ehtim/__init__.py:56: UserWarning: pkg_resources is deprecated as an API. See https://setuptools.pypa.io/en/latest/pkg_resources.html. The pkg_resources package is slated for removal as early as 2025-11-30. Refrain from using this package or pin to Setuptools<81.
  import pkg_resources
WARNING:absl:Tensorflow library not found, tensorflow.io.gfile operations will use native shim calls. GCS paths (i.e. 'gs://...') cannot be accessed.
/srv/tmp/kyle/miniconda3/envs/jax/lib/python3.9/site-packages/ehtim/__init__.py:56: UserWarning: pkg_resources is deprecated as an API. See https://setuptools.pypa.io/en/latest/pkg_resources.html. The pkg_resources package is slated for removal as early as 2025-11-30. Refrain from using this package or pin to Setuptools<81.
  import pkg_resources
WARNING:absl:Tensorflow library not found, tensorflow.io.gfile operations will use native shim calls. GCS paths (i.e. 'gs://...') cannot be accessed.
/srv/tmp/kyle/miniconda3/envs/jax/lib/python3.9/site-packages/xarray/core/computation.py:821: RuntimeWarning: invalid value encountered in sqrt
  result_data = func(*input_data)
WARNING:absl:The `aggregate` option is deprecated and will be ignored.
Welcome to eht-imaging! v 1.2.4 

Producing clean visibilities from movie with direct FT . . . 
Applying Jones Matrices to data . . . 
Adding thermal noise to data . . . 
Applying a priori calibration with estimated Jones matrices . . . 
Splitting Observation File into 64 times
2025-07-25 18:47:28.136898: W external/xla/xla/service/gpu/nvptx_compiler.cc:765] The NVIDIA driver's CUDA version is 12.2 which is older than the ptxas CUDA version (12.9.86). Because the driver is older than the ptxas version, XLA is disabling parallel compilation, which may slow down compilation. You should update your NVIDIA driver or use the NVIDIA-provided CUDA forward compatibility packages.
/srv/tmp/kyle/miniconda3/envs/jax/lib/python3.9/site-packages/xarray/core/computation.py:821: RuntimeWarning: invalid value encountered in sqrt
  result_data = func(*input_data)
/srv/tmp/kyle/miniconda3/envs/jax/lib/python3.9/site-packages/xarray/core/computation.py:821: RuntimeWarning: invalid value encountered in sqrt
  result_data = func(*input_data)
WARNING:absl:The `aggregate` option is deprecated and will be ignored.
Welcome to eht-imaging! v 1.2.4 

Producing clean visibilities from movie with direct FT . . . 
Applying Jones Matrices to data . . . 
Adding thermal noise to data . . . 
Applying a priori calibration with estimated Jones matrices . . . 
Splitting Observation File into 64 times
2025-07-25 18:47:44.188199: W external/xla/xla/service/gpu/nvptx_compiler.cc:765] The NVIDIA driver's CUDA version is 12.2 which is older than the ptxas CUDA version (12.9.86). Because the driver is older than the ptxas version, XLA is disabling parallel compilation, which may slow down compilation. You should update your NVIDIA driver or use the NVIDIA-provided CUDA forward compatibility packages.
/srv/tmp/kyle/miniconda3/envs/jax/lib/python3.9/site-packages/xarray/core/computation.py:821: RuntimeWarning: invalid value encountered in sqrt
  result_data = func(*input_data)
/srv/tmp/kyle/miniconda3/envs/jax/lib/python3.9/site-packages/ehtim/__init__.py:56: UserWarning: pkg_resources is deprecated as an API. See https://setuptools.pypa.io/en/latest/pkg_resources.html. The pkg_resources package is slated for removal as early as 2025-11-30. Refrain from using this package or pin to Setuptools<81.
  import pkg_resources
WARNING:absl:Tensorflow library not found, tensorflow.io.gfile operations will use native shim calls. GCS paths (i.e. 'gs://...') cannot be accessed.
/srv/tmp/kyle/miniconda3/envs/jax/lib/python3.9/site-packages/ehtim/__init__.py:56: UserWarning: pkg_resources is deprecated as an API. See https://setuptools.pypa.io/en/latest/pkg_resources.html. The pkg_resources package is slated for removal as early as 2025-11-30. Refrain from using this package or pin to Setuptools<81.
  import pkg_resources
WARNING:absl:Tensorflow library not found, tensorflow.io.gfile operations will use native shim calls. GCS paths (i.e. 'gs://...') cannot be accessed.
/srv/tmp/kyle/miniconda3/envs/jax/lib/python3.9/site-packages/xarray/core/computation.py:821: RuntimeWarning: invalid value encountered in sqrt
  result_data = func(*input_data)
/srv/tmp/kyle/miniconda3/envs/jax/lib/python3.9/site-packages/xarray/core/computation.py:821: RuntimeWarning: invalid value encountered in sqrt
  result_data = func(*input_data)
2025-07-25 18:48:15.773487: W external/xla/xla/service/gpu/nvptx_compiler.cc:765] The NVIDIA driver's CUDA version is 12.2 which is older than the ptxas CUDA version (12.9.86). Because the driver is older than the ptxas version, XLA is disabling parallel compilation, which may slow down compilation. You should update your NVIDIA driver or use the NVIDIA-provided CUDA forward compatibility packages.
/srv/tmp/kyle/miniconda3/envs/jax/lib/python3.9/site-packages/xarray/core/computation.py:821: RuntimeWarning: invalid value encountered in sqrt
  result_data = func(*input_data)
2025-07-25 18:48:25.317940: W external/xla/xla/service/gpu/nvptx_compiler.cc:765] The NVIDIA driver's CUDA version is 12.2 which is older than the ptxas CUDA version (12.9.86). Because the driver is older than the ptxas version, XLA is disabling parallel compilation, which may slow down compilation. You should update your NVIDIA driver or use the NVIDIA-provided CUDA forward compatibility packages.
/srv/tmp/kyle/miniconda3/envs/jax/lib/python3.9/site-packages/xarray/core/computation.py:821: RuntimeWarning: invalid value encountered in sqrt
  result_data = func(*input_data)
WARNING:absl:The `aggregate` option is deprecated and will be ignored.
Welcome to eht-imaging! v 1.2.4 

Producing clean visibilities from movie with direct FT . . . 
Applying Jones Matrices to data . . . 
Adding thermal noise to data . . . 
Applying a priori calibration with estimated Jones matrices . . . 
Splitting Observation File into 64 times
/srv/tmp/kyle/miniconda3/envs/jax/lib/python3.9/site-packages/ehtim/__init__.py:56: UserWarning: pkg_resources is deprecated as an API. See https://setuptools.pypa.io/en/latest/pkg_resources.html. The pkg_resources package is slated for removal as early as 2025-11-30. Refrain from using this package or pin to Setuptools<81.
  import pkg_resources
WARNING:absl:Tensorflow library not found, tensorflow.io.gfile operations will use native shim calls. GCS paths (i.e. 'gs://...') cannot be accessed.
WARNING:absl:The `aggregate` option is deprecated and will be ignored.
Welcome to eht-imaging! v 1.2.4 

Producing clean visibilities from movie with direct FT . . . 
Applying Jones Matrices to data . . . 
Adding thermal noise to data . . . 
Applying a priori calibration with estimated Jones matrices . . . 
Splitting Observation File into 64 times
WARNING:absl:The `aggregate` option is deprecated and will be ignored.
Welcome to eht-imaging! v 1.2.4 

Producing clean visibilities from movie with direct FT . . . 
Applying Jones Matrices to data . . . 
Adding thermal noise to data . . . 
Applying a priori calibration with estimated Jones matrices . . . 
Splitting Observation File into 64 times
/srv/tmp/kyle/miniconda3/envs/jax/lib/python3.9/site-packages/xarray/core/computation.py:821: RuntimeWarning: invalid value encountered in sqrt
  result_data = func(*input_data)
WARNING:absl:The `aggregate` option is deprecated and will be ignored.
Welcome to eht-imaging! v 1.2.4 

Producing clean visibilities from movie with direct FT . . . 
Applying Jones Matrices to data . . . 
Adding thermal noise to data . . . 
Applying a priori calibration with estimated Jones matrices . . . 
Splitting Observation File into 64 times
2025-07-25 19:06:53.022912: W external/xla/xla/service/gpu/nvptx_compiler.cc:765] The NVIDIA driver's CUDA version is 12.2 which is older than the ptxas CUDA version (12.9.86). Because the driver is older than the ptxas version, XLA is disabling parallel compilation, which may slow down compilation. You should update your NVIDIA driver or use the NVIDIA-provided CUDA forward compatibility packages.
/srv/tmp/kyle/miniconda3/envs/jax/lib/python3.9/site-packages/xarray/core/computation.py:821: RuntimeWarning: invalid value encountered in sqrt
  result_data = func(*input_data)
/srv/tmp/kyle/miniconda3/envs/jax/lib/python3.9/site-packages/ehtim/__init__.py:56: UserWarning: pkg_resources is deprecated as an API. See https://setuptools.pypa.io/en/latest/pkg_resources.html. The pkg_resources package is slated for removal as early as 2025-11-30. Refrain from using this package or pin to Setuptools<81.
  import pkg_resources
WARNING:absl:Tensorflow library not found, tensorflow.io.gfile operations will use native shim calls. GCS paths (i.e. 'gs://...') cannot be accessed.
/srv/tmp/kyle/miniconda3/envs/jax/lib/python3.9/site-packages/ehtim/__init__.py:56: UserWarning: pkg_resources is deprecated as an API. See https://setuptools.pypa.io/en/latest/pkg_resources.html. The pkg_resources package is slated for removal as early as 2025-11-30. Refrain from using this package or pin to Setuptools<81.
  import pkg_resources
WARNING:absl:Tensorflow library not found, tensorflow.io.gfile operations will use native shim calls. GCS paths (i.e. 'gs://...') cannot be accessed.
/srv/tmp/kyle/miniconda3/envs/jax/lib/python3.9/site-packages/ehtim/__init__.py:56: UserWarning: pkg_resources is deprecated as an API. See https://setuptools.pypa.io/en/latest/pkg_resources.html. The pkg_resources package is slated for removal as early as 2025-11-30. Refrain from using this package or pin to Setuptools<81.
  import pkg_resources
WARNING:absl:Tensorflow library not found, tensorflow.io.gfile operations will use native shim calls. GCS paths (i.e. 'gs://...') cannot be accessed.
/srv/tmp/kyle/miniconda3/envs/jax/lib/python3.9/site-packages/xarray/core/computation.py:821: RuntimeWarning: invalid value encountered in sqrt
  result_data = func(*input_data)
/srv/tmp/kyle/miniconda3/envs/jax/lib/python3.9/site-packages/xarray/core/computation.py:821: RuntimeWarning: invalid value encountered in sqrt
  result_data = func(*input_data)
2025-07-25 19:07:22.453272: W external/xla/xla/service/gpu/nvptx_compiler.cc:765] The NVIDIA driver's CUDA version is 12.2 which is older than the ptxas CUDA version (12.9.86). Because the driver is older than the ptxas version, XLA is disabling parallel compilation, which may slow down compilation. You should update your NVIDIA driver or use the NVIDIA-provided CUDA forward compatibility packages.
/srv/tmp/kyle/miniconda3/envs/jax/lib/python3.9/site-packages/xarray/core/computation.py:821: RuntimeWarning: invalid value encountered in sqrt
  result_data = func(*input_data)
2025-07-25 19:07:26.955803: W external/xla/xla/service/gpu/nvptx_compiler.cc:765] The NVIDIA driver's CUDA version is 12.2 which is older than the ptxas CUDA version (12.9.86). Because the driver is older than the ptxas version, XLA is disabling parallel compilation, which may slow down compilation. You should update your NVIDIA driver or use the NVIDIA-provided CUDA forward compatibility packages.
/srv/tmp/kyle/miniconda3/envs/jax/lib/python3.9/site-packages/xarray/core/computation.py:821: RuntimeWarning: invalid value encountered in sqrt
  result_data = func(*input_data)
/srv/tmp/kyle/miniconda3/envs/jax/lib/python3.9/site-packages/xarray/core/computation.py:821: RuntimeWarning: invalid value encountered in sqrt
  result_data = func(*input_data)
2025-07-25 19:07:38.349849: W external/xla/xla/service/gpu/nvptx_compiler.cc:765] The NVIDIA driver's CUDA version is 12.2 which is older than the ptxas CUDA version (12.9.86). Because the driver is older than the ptxas version, XLA is disabling parallel compilation, which may slow down compilation. You should update your NVIDIA driver or use the NVIDIA-provided CUDA forward compatibility packages.
/srv/tmp/kyle/miniconda3/envs/jax/lib/python3.9/site-packages/xarray/core/computation.py:821: RuntimeWarning: invalid value encountered in sqrt
  result_data = func(*input_data)
WARNING:absl:The `aggregate` option is deprecated and will be ignored.
Welcome to eht-imaging! v 1.2.4 

Producing clean visibilities from movie with direct FT . . . 
Applying Jones Matrices to data . . . 
Adding thermal noise to data . . . 
Applying a priori calibration with estimated Jones matrices . . . 
Splitting Observation File into 64 times
WARNING:absl:The `aggregate` option is deprecated and will be ignored.
Welcome to eht-imaging! v 1.2.4 

Producing clean visibilities from movie with direct FT . . . 
Applying Jones Matrices to data . . . 
Adding thermal noise to data . . . 
Applying a priori calibration with estimated Jones matrices . . . 
Splitting Observation File into 64 times
WARNING:absl:The `aggregate` option is deprecated and will be ignored.
Welcome to eht-imaging! v 1.2.4 

Producing clean visibilities from movie with direct FT . . . 
Applying Jones Matrices to data . . . 
Adding thermal noise to data . . . 
Applying a priori calibration with estimated Jones matrices . . . 
Splitting Observation File into 64 times
/srv/tmp/kyle/miniconda3/envs/jax/lib/python3.9/site-packages/ehtim/__init__.py:56: UserWarning: pkg_resources is deprecated as an API. See https://setuptools.pypa.io/en/latest/pkg_resources.html. The pkg_resources package is slated for removal as early as 2025-11-30. Refrain from using this package or pin to Setuptools<81.
  import pkg_resources
WARNING:absl:Tensorflow library not found, tensorflow.io.gfile operations will use native shim calls. GCS paths (i.e. 'gs://...') cannot be accessed.
WARNING:absl:The `aggregate` option is deprecated and will be ignored.
Welcome to eht-imaging! v 1.2.4 

Producing clean visibilities from movie with direct FT . . . 
Applying Jones Matrices to data . . . 
Adding thermal noise to data . . . 
Applying a priori calibration with estimated Jones matrices . . . 
Splitting Observation File into 64 times
/srv/tmp/kyle/miniconda3/envs/jax/lib/python3.9/site-packages/ehtim/__init__.py:56: UserWarning: pkg_resources is deprecated as an API. See https://setuptools.pypa.io/en/latest/pkg_resources.html. The pkg_resources package is slated for removal as early as 2025-11-30. Refrain from using this package or pin to Setuptools<81.
  import pkg_resources
WARNING:absl:Tensorflow library not found, tensorflow.io.gfile operations will use native shim calls. GCS paths (i.e. 'gs://...') cannot be accessed.
/srv/tmp/kyle/miniconda3/envs/jax/lib/python3.9/site-packages/xarray/core/computation.py:821: RuntimeWarning: invalid value encountered in sqrt
  result_data = func(*input_data)
/srv/tmp/kyle/miniconda3/envs/jax/lib/python3.9/site-packages/ehtim/__init__.py:56: UserWarning: pkg_resources is deprecated as an API. See https://setuptools.pypa.io/en/latest/pkg_resources.html. The pkg_resources package is slated for removal as early as 2025-11-30. Refrain from using this package or pin to Setuptools<81.
  import pkg_resources
WARNING:absl:Tensorflow library not found, tensorflow.io.gfile operations will use native shim calls. GCS paths (i.e. 'gs://...') cannot be accessed.
/srv/tmp/kyle/miniconda3/envs/jax/lib/python3.9/site-packages/xarray/core/computation.py:821: RuntimeWarning: invalid value encountered in sqrt
  result_data = func(*input_data)
/srv/tmp/kyle/miniconda3/envs/jax/lib/python3.9/site-packages/ehtim/__init__.py:56: UserWarning: pkg_resources is deprecated as an API. See https://setuptools.pypa.io/en/latest/pkg_resources.html. The pkg_resources package is slated for removal as early as 2025-11-30. Refrain from using this package or pin to Setuptools<81.
  import pkg_resources
2025-07-25 19:26:23.450642: W external/xla/xla/service/gpu/nvptx_compiler.cc:765] The NVIDIA driver's CUDA version is 12.2 which is older than the ptxas CUDA version (12.9.86). Because the driver is older than the ptxas version, XLA is disabling parallel compilation, which may slow down compilation. You should update your NVIDIA driver or use the NVIDIA-provided CUDA forward compatibility packages.
/srv/tmp/kyle/miniconda3/envs/jax/lib/python3.9/site-packages/xarray/core/computation.py:821: RuntimeWarning: invalid value encountered in sqrt
  result_data = func(*input_data)
WARNING:absl:Tensorflow library not found, tensorflow.io.gfile operations will use native shim calls. GCS paths (i.e. 'gs://...') cannot be accessed.
/srv/tmp/kyle/miniconda3/envs/jax/lib/python3.9/site-packages/xarray/core/computation.py:821: RuntimeWarning: invalid value encountered in sqrt
  result_data = func(*input_data)
2025-07-25 19:26:34.344738: W external/xla/xla/service/gpu/nvptx_compiler.cc:765] The NVIDIA driver's CUDA version is 12.2 which is older than the ptxas CUDA version (12.9.86). Because the driver is older than the ptxas version, XLA is disabling parallel compilation, which may slow down compilation. You should update your NVIDIA driver or use the NVIDIA-provided CUDA forward compatibility packages.
/srv/tmp/kyle/miniconda3/envs/jax/lib/python3.9/site-packages/xarray/core/computation.py:821: RuntimeWarning: invalid value encountered in sqrt
  result_data = func(*input_data)
2025-07-25 19:26:41.966432: W external/xla/xla/service/gpu/nvptx_compiler.cc:765] The NVIDIA driver's CUDA version is 12.2 which is older than the ptxas CUDA version (12.9.86). Because the driver is older than the ptxas version, XLA is disabling parallel compilation, which may slow down compilation. You should update your NVIDIA driver or use the NVIDIA-provided CUDA forward compatibility packages.
/srv/tmp/kyle/miniconda3/envs/jax/lib/python3.9/site-packages/xarray/core/computation.py:821: RuntimeWarning: invalid value encountered in sqrt
  result_data = func(*input_data)
/srv/tmp/kyle/miniconda3/envs/jax/lib/python3.9/site-packages/xarray/core/computation.py:821: RuntimeWarning: invalid value encountered in sqrt
  result_data = func(*input_data)
2025-07-25 19:26:55.895020: W external/xla/xla/service/gpu/nvptx_compiler.cc:765] The NVIDIA driver's CUDA version is 12.2 which is older than the ptxas CUDA version (12.9.86). Because the driver is older than the ptxas version, XLA is disabling parallel compilation, which may slow down compilation. You should update your NVIDIA driver or use the NVIDIA-provided CUDA forward compatibility packages.
/srv/tmp/kyle/miniconda3/envs/jax/lib/python3.9/site-packages/xarray/core/computation.py:821: RuntimeWarning: invalid value encountered in sqrt
  result_data = func(*input_data)
WARNING:absl:The `aggregate` option is deprecated and will be ignored.
Welcome to eht-imaging! v 1.2.4 

Producing clean visibilities from movie with direct FT . . . 
Applying Jones Matrices to data . . . 
Adding thermal noise to data . . . 
Applying a priori calibration with estimated Jones matrices . . . 
Splitting Observation File into 64 times
WARNING:absl:The `aggregate` option is deprecated and will be ignored.
Welcome to eht-imaging! v 1.2.4 

Producing clean visibilities from movie with direct FT . . . 
Applying Jones Matrices to data . . . 
Adding thermal noise to data . . . 
Applying a priori calibration with estimated Jones matrices . . . 
Splitting Observation File into 64 times
WARNING:absl:The `aggregate` option is deprecated and will be ignored.
Welcome to eht-imaging! v 1.2.4 

Producing clean visibilities from movie with direct FT . . . 
Applying Jones Matrices to data . . . 
Adding thermal noise to data . . . 
Applying a priori calibration with estimated Jones matrices . . . 
Splitting Observation File into 64 times
/srv/tmp/kyle/miniconda3/envs/jax/lib/python3.9/site-packages/ehtim/__init__.py:56: UserWarning: pkg_resources is deprecated as an API. See https://setuptools.pypa.io/en/latest/pkg_resources.html. The pkg_resources package is slated for removal as early as 2025-11-30. Refrain from using this package or pin to Setuptools<81.
  import pkg_resources
WARNING:absl:Tensorflow library not found, tensorflow.io.gfile operations will use native shim calls. GCS paths (i.e. 'gs://...') cannot be accessed.
WARNING:absl:The `aggregate` option is deprecated and will be ignored.
Welcome to eht-imaging! v 1.2.4 

Producing clean visibilities from movie with direct FT . . . 
Applying Jones Matrices to data . . . 
Adding thermal noise to data . . . 
Applying a priori calibration with estimated Jones matrices . . . 
Splitting Observation File into 64 times
/srv/tmp/kyle/miniconda3/envs/jax/lib/python3.9/site-packages/ehtim/__init__.py:56: UserWarning: pkg_resources is deprecated as an API. See https://setuptools.pypa.io/en/latest/pkg_resources.html. The pkg_resources package is slated for removal as early as 2025-11-30. Refrain from using this package or pin to Setuptools<81.
  import pkg_resources
WARNING:absl:Tensorflow library not found, tensorflow.io.gfile operations will use native shim calls. GCS paths (i.e. 'gs://...') cannot be accessed.
/srv/tmp/kyle/miniconda3/envs/jax/lib/python3.9/site-packages/ehtim/__init__.py:56: UserWarning: pkg_resources is deprecated as an API. See https://setuptools.pypa.io/en/latest/pkg_resources.html. The pkg_resources package is slated for removal as early as 2025-11-30. Refrain from using this package or pin to Setuptools<81.
  import pkg_resources
/srv/tmp/kyle/miniconda3/envs/jax/lib/python3.9/site-packages/xarray/core/computation.py:821: RuntimeWarning: invalid value encountered in sqrt
  result_data = func(*input_data)
WARNING:absl:Tensorflow library not found, tensorflow.io.gfile operations will use native shim calls. GCS paths (i.e. 'gs://...') cannot be accessed.
/srv/tmp/kyle/miniconda3/envs/jax/lib/python3.9/site-packages/xarray/core/computation.py:821: RuntimeWarning: invalid value encountered in sqrt
  result_data = func(*input_data)
2025-07-25 19:45:44.929900: W external/xla/xla/service/gpu/nvptx_compiler.cc:765] The NVIDIA driver's CUDA version is 12.2 which is older than the ptxas CUDA version (12.9.86). Because the driver is older than the ptxas version, XLA is disabling parallel compilation, which may slow down compilation. You should update your NVIDIA driver or use the NVIDIA-provided CUDA forward compatibility packages.
/srv/tmp/kyle/miniconda3/envs/jax/lib/python3.9/site-packages/ehtim/__init__.py:56: UserWarning: pkg_resources is deprecated as an API. See https://setuptools.pypa.io/en/latest/pkg_resources.html. The pkg_resources package is slated for removal as early as 2025-11-30. Refrain from using this package or pin to Setuptools<81.
  import pkg_resources
/srv/tmp/kyle/miniconda3/envs/jax/lib/python3.9/site-packages/xarray/core/computation.py:821: RuntimeWarning: invalid value encountered in sqrt
  result_data = func(*input_data)
WARNING:absl:Tensorflow library not found, tensorflow.io.gfile operations will use native shim calls. GCS paths (i.e. 'gs://...') cannot be accessed.
/srv/tmp/kyle/miniconda3/envs/jax/lib/python3.9/site-packages/xarray/core/computation.py:821: RuntimeWarning: invalid value encountered in sqrt
  result_data = func(*input_data)
2025-07-25 19:45:51.726866: W external/xla/xla/service/gpu/nvptx_compiler.cc:765] The NVIDIA driver's CUDA version is 12.2 which is older than the ptxas CUDA version (12.9.86). Because the driver is older than the ptxas version, XLA is disabling parallel compilation, which may slow down compilation. You should update your NVIDIA driver or use the NVIDIA-provided CUDA forward compatibility packages.
/srv/tmp/kyle/miniconda3/envs/jax/lib/python3.9/site-packages/xarray/core/computation.py:821: RuntimeWarning: invalid value encountered in sqrt
  result_data = func(*input_data)
2025-07-25 19:45:59.848873: W external/xla/xla/service/gpu/nvptx_compiler.cc:765] The NVIDIA driver's CUDA version is 12.2 which is older than the ptxas CUDA version (12.9.86). Because the driver is older than the ptxas version, XLA is disabling parallel compilation, which may slow down compilation. You should update your NVIDIA driver or use the NVIDIA-provided CUDA forward compatibility packages.
/srv/tmp/kyle/miniconda3/envs/jax/lib/python3.9/site-packages/xarray/core/computation.py:821: RuntimeWarning: invalid value encountered in sqrt
  result_data = func(*input_data)
/srv/tmp/kyle/miniconda3/envs/jax/lib/python3.9/site-packages/xarray/core/computation.py:821: RuntimeWarning: invalid value encountered in sqrt
  result_data = func(*input_data)
2025-07-25 19:46:15.230345: W external/xla/xla/service/gpu/nvptx_compiler.cc:765] The NVIDIA driver's CUDA version is 12.2 which is older than the ptxas CUDA version (12.9.86). Because the driver is older than the ptxas version, XLA is disabling parallel compilation, which may slow down compilation. You should update your NVIDIA driver or use the NVIDIA-provided CUDA forward compatibility packages.
/srv/tmp/kyle/miniconda3/envs/jax/lib/python3.9/site-packages/xarray/core/computation.py:821: RuntimeWarning: invalid value encountered in sqrt
  result_data = func(*input_data)
WARNING:absl:The `aggregate` option is deprecated and will be ignored.
Welcome to eht-imaging! v 1.2.4 

Producing clean visibilities from movie with direct FT . . . 
Applying Jones Matrices to data . . . 
Adding thermal noise to data . . . 
Applying a priori calibration with estimated Jones matrices . . . 
Splitting Observation File into 64 times
WARNING:absl:The `aggregate` option is deprecated and will be ignored.
Welcome to eht-imaging! v 1.2.4 

Producing clean visibilities from movie with direct FT . . . 
Applying Jones Matrices to data . . . 
Adding thermal noise to data . . . 
Applying a priori calibration with estimated Jones matrices . . . 
Splitting Observation File into 64 times
WARNING:absl:The `aggregate` option is deprecated and will be ignored.
Welcome to eht-imaging! v 1.2.4 

Producing clean visibilities from movie with direct FT . . . 
Applying Jones Matrices to data . . . 
Adding thermal noise to data . . . 
Applying a priori calibration with estimated Jones matrices . . . 
Splitting Observation File into 64 times
/srv/tmp/kyle/miniconda3/envs/jax/lib/python3.9/site-packages/ehtim/__init__.py:56: UserWarning: pkg_resources is deprecated as an API. See https://setuptools.pypa.io/en/latest/pkg_resources.html. The pkg_resources package is slated for removal as early as 2025-11-30. Refrain from using this package or pin to Setuptools<81.
  import pkg_resources
/srv/tmp/kyle/miniconda3/envs/jax/lib/python3.9/site-packages/ehtim/__init__.py:56: UserWarning: pkg_resources is deprecated as an API. See https://setuptools.pypa.io/en/latest/pkg_resources.html. The pkg_resources package is slated for removal as early as 2025-11-30. Refrain from using this package or pin to Setuptools<81.
  import pkg_resources
WARNING:absl:The `aggregate` option is deprecated and will be ignored.
Welcome to eht-imaging! v 1.2.4 

Producing clean visibilities from movie with direct FT . . . 
Applying Jones Matrices to data . . . 
Adding thermal noise to data . . . 
Applying a priori calibration with estimated Jones matrices . . . 
Splitting Observation File into 64 times
WARNING:absl:Tensorflow library not found, tensorflow.io.gfile operations will use native shim calls. GCS paths (i.e. 'gs://...') cannot be accessed.
WARNING:absl:Tensorflow library not found, tensorflow.io.gfile operations will use native shim calls. GCS paths (i.e. 'gs://...') cannot be accessed.
/srv/tmp/kyle/miniconda3/envs/jax/lib/python3.9/site-packages/ehtim/__init__.py:56: UserWarning: pkg_resources is deprecated as an API. See https://setuptools.pypa.io/en/latest/pkg_resources.html. The pkg_resources package is slated for removal as early as 2025-11-30. Refrain from using this package or pin to Setuptools<81.
  import pkg_resources
WARNING:absl:Tensorflow library not found, tensorflow.io.gfile operations will use native shim calls. GCS paths (i.e. 'gs://...') cannot be accessed.
/srv/tmp/kyle/miniconda3/envs/jax/lib/python3.9/site-packages/xarray/core/computation.py:821: RuntimeWarning: invalid value encountered in sqrt
  result_data = func(*input_data)
/srv/tmp/kyle/miniconda3/envs/jax/lib/python3.9/site-packages/ehtim/__init__.py:56: UserWarning: pkg_resources is deprecated as an API. See https://setuptools.pypa.io/en/latest/pkg_resources.html. The pkg_resources package is slated for removal as early as 2025-11-30. Refrain from using this package or pin to Setuptools<81.
  import pkg_resources
/srv/tmp/kyle/miniconda3/envs/jax/lib/python3.9/site-packages/xarray/core/computation.py:821: RuntimeWarning: invalid value encountered in sqrt
  result_data = func(*input_data)
/srv/tmp/kyle/miniconda3/envs/jax/lib/python3.9/site-packages/xarray/core/computation.py:821: RuntimeWarning: invalid value encountered in sqrt
  result_data = func(*input_data)
WARNING:absl:Tensorflow library not found, tensorflow.io.gfile operations will use native shim calls. GCS paths (i.e. 'gs://...') cannot be accessed.
2025-07-25 20:05:06.156432: W external/xla/xla/service/gpu/nvptx_compiler.cc:765] The NVIDIA driver's CUDA version is 12.2 which is older than the ptxas CUDA version (12.9.86). Because the driver is older than the ptxas version, XLA is disabling parallel compilation, which may slow down compilation. You should update your NVIDIA driver or use the NVIDIA-provided CUDA forward compatibility packages.
/srv/tmp/kyle/miniconda3/envs/jax/lib/python3.9/site-packages/xarray/core/computation.py:821: RuntimeWarning: invalid value encountered in sqrt
  result_data = func(*input_data)
2025-07-25 20:05:15.461104: W external/xla/xla/service/gpu/nvptx_compiler.cc:765] The NVIDIA driver's CUDA version is 12.2 which is older than the ptxas CUDA version (12.9.86). Because the driver is older than the ptxas version, XLA is disabling parallel compilation, which may slow down compilation. You should update your NVIDIA driver or use the NVIDIA-provided CUDA forward compatibility packages.
/srv/tmp/kyle/miniconda3/envs/jax/lib/python3.9/site-packages/xarray/core/computation.py:821: RuntimeWarning: invalid value encountered in sqrt
  result_data = func(*input_data)
2025-07-25 20:05:15.848891: W external/xla/xla/service/gpu/nvptx_compiler.cc:765] The NVIDIA driver's CUDA version is 12.2 which is older than the ptxas CUDA version (12.9.86). Because the driver is older than the ptxas version, XLA is disabling parallel compilation, which may slow down compilation. You should update your NVIDIA driver or use the NVIDIA-provided CUDA forward compatibility packages.
/srv/tmp/kyle/miniconda3/envs/jax/lib/python3.9/site-packages/xarray/core/computation.py:821: RuntimeWarning: invalid value encountered in sqrt
  result_data = func(*input_data)
/srv/tmp/kyle/miniconda3/envs/jax/lib/python3.9/site-packages/xarray/core/computation.py:821: RuntimeWarning: invalid value encountered in sqrt
  result_data = func(*input_data)
2025-07-25 20:05:31.409228: W external/xla/xla/service/gpu/nvptx_compiler.cc:765] The NVIDIA driver's CUDA version is 12.2 which is older than the ptxas CUDA version (12.9.86). Because the driver is older than the ptxas version, XLA is disabling parallel compilation, which may slow down compilation. You should update your NVIDIA driver or use the NVIDIA-provided CUDA forward compatibility packages.
/srv/tmp/kyle/miniconda3/envs/jax/lib/python3.9/site-packages/xarray/core/computation.py:821: RuntimeWarning: invalid value encountered in sqrt
  result_data = func(*input_data)
WARNING:absl:The `aggregate` option is deprecated and will be ignored.
Welcome to eht-imaging! v 1.2.4 

Producing clean visibilities from movie with direct FT . . . 
Applying Jones Matrices to data . . . 
Adding thermal noise to data . . . 
Applying a priori calibration with estimated Jones matrices . . . 
Splitting Observation File into 64 times
WARNING:absl:The `aggregate` option is deprecated and will be ignored.
Welcome to eht-imaging! v 1.2.4 

Producing clean visibilities from movie with direct FT . . . 
Applying Jones Matrices to data . . . 
Adding thermal noise to data . . . 
Applying a priori calibration with estimated Jones matrices . . . 
Splitting Observation File into 64 times
WARNING:absl:The `aggregate` option is deprecated and will be ignored.
Welcome to eht-imaging! v 1.2.4 

Producing clean visibilities from movie with direct FT . . . 
Applying Jones Matrices to data . . . 
Adding thermal noise to data . . . 
Applying a priori calibration with estimated Jones matrices . . . 
Splitting Observation File into 64 times
/srv/tmp/kyle/miniconda3/envs/jax/lib/python3.9/site-packages/ehtim/__init__.py:56: UserWarning: pkg_resources is deprecated as an API. See https://setuptools.pypa.io/en/latest/pkg_resources.html. The pkg_resources package is slated for removal as early as 2025-11-30. Refrain from using this package or pin to Setuptools<81.
  import pkg_resources
WARNING:absl:Tensorflow library not found, tensorflow.io.gfile operations will use native shim calls. GCS paths (i.e. 'gs://...') cannot be accessed.
/srv/tmp/kyle/miniconda3/envs/jax/lib/python3.9/site-packages/ehtim/__init__.py:56: UserWarning: pkg_resources is deprecated as an API. See https://setuptools.pypa.io/en/latest/pkg_resources.html. The pkg_resources package is slated for removal as early as 2025-11-30. Refrain from using this package or pin to Setuptools<81.
  import pkg_resources
WARNING:absl:Tensorflow library not found, tensorflow.io.gfile operations will use native shim calls. GCS paths (i.e. 'gs://...') cannot be accessed.
/srv/tmp/kyle/miniconda3/envs/jax/lib/python3.9/site-packages/ehtim/__init__.py:56: UserWarning: pkg_resources is deprecated as an API. See https://setuptools.pypa.io/en/latest/pkg_resources.html. The pkg_resources package is slated for removal as early as 2025-11-30. Refrain from using this package or pin to Setuptools<81.
  import pkg_resources
WARNING:absl:Tensorflow library not found, tensorflow.io.gfile operations will use native shim calls. GCS paths (i.e. 'gs://...') cannot be accessed.
/srv/tmp/kyle/miniconda3/envs/jax/lib/python3.9/site-packages/xarray/core/computation.py:821: RuntimeWarning: invalid value encountered in sqrt
  result_data = func(*input_data)
WARNING:absl:The `aggregate` option is deprecated and will be ignored.
Welcome to eht-imaging! v 1.2.4 

Producing clean visibilities from movie with direct FT . . . 
Applying Jones Matrices to data . . . 
Adding thermal noise to data . . . 
Applying a priori calibration with estimated Jones matrices . . . 
Splitting Observation File into 64 times
/srv/tmp/kyle/miniconda3/envs/jax/lib/python3.9/site-packages/xarray/core/computation.py:821: RuntimeWarning: invalid value encountered in sqrt
  result_data = func(*input_data)
/srv/tmp/kyle/miniconda3/envs/jax/lib/python3.9/site-packages/xarray/core/computation.py:821: RuntimeWarning: invalid value encountered in sqrt
  result_data = func(*input_data)
2025-07-25 20:24:20.737552: W external/xla/xla/service/gpu/nvptx_compiler.cc:765] The NVIDIA driver's CUDA version is 12.2 which is older than the ptxas CUDA version (12.9.86). Because the driver is older than the ptxas version, XLA is disabling parallel compilation, which may slow down compilation. You should update your NVIDIA driver or use the NVIDIA-provided CUDA forward compatibility packages.
/srv/tmp/kyle/miniconda3/envs/jax/lib/python3.9/site-packages/xarray/core/computation.py:821: RuntimeWarning: invalid value encountered in sqrt
  result_data = func(*input_data)
2025-07-25 20:24:23.131792: W external/xla/xla/service/gpu/nvptx_compiler.cc:765] The NVIDIA driver's CUDA version is 12.2 which is older than the ptxas CUDA version (12.9.86). Because the driver is older than the ptxas version, XLA is disabling parallel compilation, which may slow down compilation. You should update your NVIDIA driver or use the NVIDIA-provided CUDA forward compatibility packages.
/srv/tmp/kyle/miniconda3/envs/jax/lib/python3.9/site-packages/xarray/core/computation.py:821: RuntimeWarning: invalid value encountered in sqrt
  result_data = func(*input_data)
2025-07-25 20:24:27.183839: W external/xla/xla/service/gpu/nvptx_compiler.cc:765] The NVIDIA driver's CUDA version is 12.2 which is older than the ptxas CUDA version (12.9.86). Because the driver is older than the ptxas version, XLA is disabling parallel compilation, which may slow down compilation. You should update your NVIDIA driver or use the NVIDIA-provided CUDA forward compatibility packages.
/srv/tmp/kyle/miniconda3/envs/jax/lib/python3.9/site-packages/xarray/core/computation.py:821: RuntimeWarning: invalid value encountered in sqrt
  result_data = func(*input_data)
/srv/tmp/kyle/miniconda3/envs/jax/lib/python3.9/site-packages/ehtim/__init__.py:56: UserWarning: pkg_resources is deprecated as an API. See https://setuptools.pypa.io/en/latest/pkg_resources.html. The pkg_resources package is slated for removal as early as 2025-11-30. Refrain from using this package or pin to Setuptools<81.
  import pkg_resources
WARNING:absl:Tensorflow library not found, tensorflow.io.gfile operations will use native shim calls. GCS paths (i.e. 'gs://...') cannot be accessed.
/srv/tmp/kyle/miniconda3/envs/jax/lib/python3.9/site-packages/xarray/core/computation.py:821: RuntimeWarning: invalid value encountered in sqrt
  result_data = func(*input_data)
2025-07-25 20:25:01.854299: W external/xla/xla/service/gpu/nvptx_compiler.cc:765] The NVIDIA driver's CUDA version is 12.2 which is older than the ptxas CUDA version (12.9.86). Because the driver is older than the ptxas version, XLA is disabling parallel compilation, which may slow down compilation. You should update your NVIDIA driver or use the NVIDIA-provided CUDA forward compatibility packages.
/srv/tmp/kyle/miniconda3/envs/jax/lib/python3.9/site-packages/xarray/core/computation.py:821: RuntimeWarning: invalid value encountered in sqrt
  result_data = func(*input_data)
WARNING:absl:The `aggregate` option is deprecated and will be ignored.
Welcome to eht-imaging! v 1.2.4 

Producing clean visibilities from movie with direct FT . . . 
Applying Jones Matrices to data . . . 
Adding thermal noise to data . . . 
Applying a priori calibration with estimated Jones matrices . . . 
Splitting Observation File into 64 times
WARNING:absl:The `aggregate` option is deprecated and will be ignored.
Welcome to eht-imaging! v 1.2.4 

Producing clean visibilities from movie with direct FT . . . 
Applying Jones Matrices to data . . . 
Adding thermal noise to data . . . 
Applying a priori calibration with estimated Jones matrices . . . 
Splitting Observation File into 64 times
WARNING:absl:The `aggregate` option is deprecated and will be ignored.
Welcome to eht-imaging! v 1.2.4 

Producing clean visibilities from movie with direct FT . . . 
Applying Jones Matrices to data . . . 
Adding thermal noise to data . . . 
Applying a priori calibration with estimated Jones matrices . . . 
Splitting Observation File into 64 times
/srv/tmp/kyle/miniconda3/envs/jax/lib/python3.9/site-packages/ehtim/__init__.py:56: UserWarning: pkg_resources is deprecated as an API. See https://setuptools.pypa.io/en/latest/pkg_resources.html. The pkg_resources package is slated for removal as early as 2025-11-30. Refrain from using this package or pin to Setuptools<81.
  import pkg_resources
WARNING:absl:Tensorflow library not found, tensorflow.io.gfile operations will use native shim calls. GCS paths (i.e. 'gs://...') cannot be accessed.
WARNING:absl:The `aggregate` option is deprecated and will be ignored.
Welcome to eht-imaging! v 1.2.4 

Producing clean visibilities from movie with direct FT . . . 
Applying Jones Matrices to data . . . 
Adding thermal noise to data . . . 
Applying a priori calibration with estimated Jones matrices . . . 
Splitting Observation File into 64 times
/srv/tmp/kyle/miniconda3/envs/jax/lib/python3.9/site-packages/xarray/core/computation.py:821: RuntimeWarning: invalid value encountered in sqrt
  result_data = func(*input_data)
2025-07-25 20:43:36.280577: W external/xla/xla/service/gpu/nvptx_compiler.cc:765] The NVIDIA driver's CUDA version is 12.2 which is older than the ptxas CUDA version (12.9.86). Because the driver is older than the ptxas version, XLA is disabling parallel compilation, which may slow down compilation. You should update your NVIDIA driver or use the NVIDIA-provided CUDA forward compatibility packages.
/srv/tmp/kyle/miniconda3/envs/jax/lib/python3.9/site-packages/xarray/core/computation.py:821: RuntimeWarning: invalid value encountered in sqrt
  result_data = func(*input_data)
WARNING:absl:The `aggregate` option is deprecated and will be ignored.
Welcome to eht-imaging! v 1.2.4 

Producing clean visibilities from movie with direct FT . . . 
Applying Jones Matrices to data . . . 
Adding thermal noise to data . . . 
Applying a priori calibration with estimated Jones matrices . . . 
Splitting Observation File into 64 times
/srv/tmp/kyle/miniconda3/envs/jax/lib/python3.9/site-packages/ehtim/__init__.py:56: UserWarning: pkg_resources is deprecated as an API. See https://setuptools.pypa.io/en/latest/pkg_resources.html. The pkg_resources package is slated for removal as early as 2025-11-30. Refrain from using this package or pin to Setuptools<81.
  import pkg_resources
/srv/tmp/kyle/miniconda3/envs/jax/lib/python3.9/site-packages/ehtim/__init__.py:56: UserWarning: pkg_resources is deprecated as an API. See https://setuptools.pypa.io/en/latest/pkg_resources.html. The pkg_resources package is slated for removal as early as 2025-11-30. Refrain from using this package or pin to Setuptools<81.
  import pkg_resources
/srv/tmp/kyle/miniconda3/envs/jax/lib/python3.9/site-packages/ehtim/__init__.py:56: UserWarning: pkg_resources is deprecated as an API. See https://setuptools.pypa.io/en/latest/pkg_resources.html. The pkg_resources package is slated for removal as early as 2025-11-30. Refrain from using this package or pin to Setuptools<81.
  import pkg_resources
/srv/tmp/kyle/miniconda3/envs/jax/lib/python3.9/site-packages/ehtim/__init__.py:56: UserWarning: pkg_resources is deprecated as an API. See https://setuptools.pypa.io/en/latest/pkg_resources.html. The pkg_resources package is slated for removal as early as 2025-11-30. Refrain from using this package or pin to Setuptools<81.
  import pkg_resources
WARNING:absl:Tensorflow library not found, tensorflow.io.gfile operations will use native shim calls. GCS paths (i.e. 'gs://...') cannot be accessed.
WARNING:absl:Tensorflow library not found, tensorflow.io.gfile operations will use native shim calls. GCS paths (i.e. 'gs://...') cannot be accessed.
WARNING:absl:Tensorflow library not found, tensorflow.io.gfile operations will use native shim calls. GCS paths (i.e. 'gs://...') cannot be accessed.
WARNING:absl:Tensorflow library not found, tensorflow.io.gfile operations will use native shim calls. GCS paths (i.e. 'gs://...') cannot be accessed.
2025-09-22 10:17:34.542301: W external/xla/xla/service/gpu/nvptx_compiler.cc:765] The NVIDIA driver's CUDA version is 12.2 which is older than the ptxas CUDA version (12.9.86). Because the driver is older than the ptxas version, XLA is disabling parallel compilation, which may slow down compilation. You should update your NVIDIA driver or use the NVIDIA-provided CUDA forward compatibility packages.
2025-09-22 10:17:34.542301: W external/xla/xla/service/gpu/nvptx_compiler.cc:765] The NVIDIA driver's CUDA version is 12.2 which is older than the ptxas CUDA version (12.9.86). Because the driver is older than the ptxas version, XLA is disabling parallel compilation, which may slow down compilation. You should update your NVIDIA driver or use the NVIDIA-provided CUDA forward compatibility packages.
2025-09-22 10:17:34.542329: W external/xla/xla/service/gpu/nvptx_compiler.cc:765] The NVIDIA driver's CUDA version is 12.2 which is older than the ptxas CUDA version (12.9.86). Because the driver is older than the ptxas version, XLA is disabling parallel compilation, which may slow down compilation. You should update your NVIDIA driver or use the NVIDIA-provided CUDA forward compatibility packages.
2025-09-22 10:17:35.232149: W external/xla/xla/service/gpu/nvptx_compiler.cc:765] The NVIDIA driver's CUDA version is 12.2 which is older than the ptxas CUDA version (12.9.86). Because the driver is older than the ptxas version, XLA is disabling parallel compilation, which may slow down compilation. You should update your NVIDIA driver or use the NVIDIA-provided CUDA forward compatibility packages.
/srv/tmp/kyle/miniconda3/envs/jax/lib/python3.9/site-packages/xarray/core/computation.py:821: RuntimeWarning: invalid value encountered in sqrt
  result_data = func(*input_data)
/srv/tmp/kyle/miniconda3/envs/jax/lib/python3.9/site-packages/xarray/core/computation.py:821: RuntimeWarning: invalid value encountered in sqrt
  result_data = func(*input_data)
/srv/tmp/kyle/miniconda3/envs/jax/lib/python3.9/site-packages/xarray/core/computation.py:821: RuntimeWarning: invalid value encountered in sqrt
  result_data = func(*input_data)
/srv/tmp/kyle/miniconda3/envs/jax/lib/python3.9/site-packages/xarray/core/computation.py:821: RuntimeWarning: invalid value encountered in sqrt
  result_data = func(*input_data)
/srv/tmp/kyle/miniconda3/envs/jax/lib/python3.9/site-packages/xarray/core/computation.py:821: RuntimeWarning: invalid value encountered in sqrt
  result_data = func(*input_data)
/srv/tmp/kyle/miniconda3/envs/jax/lib/python3.9/site-packages/xarray/core/computation.py:821: RuntimeWarning: invalid value encountered in sqrt
  result_data = func(*input_data)
/srv/tmp/kyle/miniconda3/envs/jax/lib/python3.9/site-packages/xarray/core/computation.py:821: RuntimeWarning: invalid value encountered in sqrt
  result_data = func(*input_data)
/srv/tmp/kyle/miniconda3/envs/jax/lib/python3.9/site-packages/xarray/core/computation.py:821: RuntimeWarning: invalid value encountered in sqrt
  result_data = func(*input_data)
WARNING:absl:The `aggregate` option is deprecated and will be ignored.
WARNING:absl:The `aggregate` option is deprecated and will be ignored.
Welcome to eht-imaging! v 1.2.4 

Producing clean visibilities from movie with direct FT . . . 
Applying Jones Matrices to data . . . 
Adding thermal noise to data . . . 
Applying a priori calibration with estimated Jones matrices . . . 
Splitting Observation File into 64 times
Welcome to eht-imaging! v 1.2.4 

Producing clean visibilities from movie with direct FT . . . 
Applying Jones Matrices to data . . . 
Adding thermal noise to data . . . 
Applying a priori calibration with estimated Jones matrices . . . 
Splitting Observation File into 64 times
WARNING:absl:The `aggregate` option is deprecated and will be ignored.
Welcome to eht-imaging! v 1.2.4 

Producing clean visibilities from movie with direct FT . . . 
Applying Jones Matrices to data . . . 
Adding thermal noise to data . . . 
Applying a priori calibration with estimated Jones matrices . . . 
Splitting Observation File into 64 times
/srv/tmp/kyle/miniconda3/envs/jax/lib/python3.9/site-packages/ehtim/__init__.py:56: UserWarning: pkg_resources is deprecated as an API. See https://setuptools.pypa.io/en/latest/pkg_resources.html. The pkg_resources package is slated for removal as early as 2025-11-30. Refrain from using this package or pin to Setuptools<81.
  import pkg_resources
/srv/tmp/kyle/miniconda3/envs/jax/lib/python3.9/site-packages/ehtim/__init__.py:56: UserWarning: pkg_resources is deprecated as an API. See https://setuptools.pypa.io/en/latest/pkg_resources.html. The pkg_resources package is slated for removal as early as 2025-11-30. Refrain from using this package or pin to Setuptools<81.
  import pkg_resources
WARNING:absl:Tensorflow library not found, tensorflow.io.gfile operations will use native shim calls. GCS paths (i.e. 'gs://...') cannot be accessed.
WARNING:absl:Tensorflow library not found, tensorflow.io.gfile operations will use native shim calls. GCS paths (i.e. 'gs://...') cannot be accessed.
2025-09-22 10:47:20.369858: W external/xla/xla/service/gpu/nvptx_compiler.cc:765] The NVIDIA driver's CUDA version is 12.2 which is older than the ptxas CUDA version (12.9.86). Because the driver is older than the ptxas version, XLA is disabling parallel compilation, which may slow down compilation. You should update your NVIDIA driver or use the NVIDIA-provided CUDA forward compatibility packages.
2025-09-22 10:47:20.369912: W external/xla/xla/service/gpu/nvptx_compiler.cc:765] The NVIDIA driver's CUDA version is 12.2 which is older than the ptxas CUDA version (12.9.86). Because the driver is older than the ptxas version, XLA is disabling parallel compilation, which may slow down compilation. You should update your NVIDIA driver or use the NVIDIA-provided CUDA forward compatibility packages.
/srv/tmp/kyle/miniconda3/envs/jax/lib/python3.9/site-packages/ehtim/__init__.py:56: UserWarning: pkg_resources is deprecated as an API. See https://setuptools.pypa.io/en/latest/pkg_resources.html. The pkg_resources package is slated for removal as early as 2025-11-30. Refrain from using this package or pin to Setuptools<81.
  import pkg_resources
WARNING:absl:Tensorflow library not found, tensorflow.io.gfile operations will use native shim calls. GCS paths (i.e. 'gs://...') cannot be accessed.
/srv/tmp/kyle/miniconda3/envs/jax/lib/python3.9/site-packages/xarray/core/computation.py:821: RuntimeWarning: invalid value encountered in sqrt
  result_data = func(*input_data)
/srv/tmp/kyle/miniconda3/envs/jax/lib/python3.9/site-packages/xarray/core/computation.py:821: RuntimeWarning: invalid value encountered in sqrt
  result_data = func(*input_data)
2025-09-22 10:47:30.284794: W external/xla/xla/service/gpu/nvptx_compiler.cc:765] The NVIDIA driver's CUDA version is 12.2 which is older than the ptxas CUDA version (12.9.86). Because the driver is older than the ptxas version, XLA is disabling parallel compilation, which may slow down compilation. You should update your NVIDIA driver or use the NVIDIA-provided CUDA forward compatibility packages.
/srv/tmp/kyle/miniconda3/envs/jax/lib/python3.9/site-packages/xarray/core/computation.py:821: RuntimeWarning: invalid value encountered in sqrt
  result_data = func(*input_data)
/srv/tmp/kyle/miniconda3/envs/jax/lib/python3.9/site-packages/xarray/core/computation.py:821: RuntimeWarning: invalid value encountered in sqrt
  result_data = func(*input_data)
/srv/tmp/kyle/miniconda3/envs/jax/lib/python3.9/site-packages/xarray/core/computation.py:821: RuntimeWarning: invalid value encountered in sqrt
  result_data = func(*input_data)
WARNING:absl:The `aggregate` option is deprecated and will be ignored.
Welcome to eht-imaging! v 1.2.4 

Producing clean visibilities from movie with direct FT . . . 
Applying Jones Matrices to data . . . 
Adding thermal noise to data . . . 
Applying a priori calibration with estimated Jones matrices . . . 
Splitting Observation File into 64 times
/srv/tmp/kyle/miniconda3/envs/jax/lib/python3.9/site-packages/xarray/core/computation.py:821: RuntimeWarning: invalid value encountered in sqrt
  result_data = func(*input_data)
/srv/tmp/kyle/miniconda3/envs/jax/lib/python3.9/site-packages/ehtim/__init__.py:56: UserWarning: pkg_resources is deprecated as an API. See https://setuptools.pypa.io/en/latest/pkg_resources.html. The pkg_resources package is slated for removal as early as 2025-11-30. Refrain from using this package or pin to Setuptools<81.
  import pkg_resources
WARNING:absl:Tensorflow library not found, tensorflow.io.gfile operations will use native shim calls. GCS paths (i.e. 'gs://...') cannot be accessed.
2025-09-22 10:48:16.190407: W external/xla/xla/service/gpu/nvptx_compiler.cc:765] The NVIDIA driver's CUDA version is 12.2 which is older than the ptxas CUDA version (12.9.86). Because the driver is older than the ptxas version, XLA is disabling parallel compilation, which may slow down compilation. You should update your NVIDIA driver or use the NVIDIA-provided CUDA forward compatibility packages.
/srv/tmp/kyle/miniconda3/envs/jax/lib/python3.9/site-packages/xarray/core/computation.py:821: RuntimeWarning: invalid value encountered in sqrt
  result_data = func(*input_data)
/srv/tmp/kyle/miniconda3/envs/jax/lib/python3.9/site-packages/xarray/core/computation.py:821: RuntimeWarning: invalid value encountered in sqrt
  result_data = func(*input_data)
WARNING:absl:The `aggregate` option is deprecated and will be ignored.
Welcome to eht-imaging! v 1.2.4 

Producing clean visibilities from movie with direct FT . . . 
Applying Jones Matrices to data . . . 
Adding thermal noise to data . . . 
Applying a priori calibration with estimated Jones matrices . . . 
Splitting Observation File into 64 times
WARNING:absl:The `aggregate` option is deprecated and will be ignored.
Welcome to eht-imaging! v 1.2.4 

Producing clean visibilities from movie with direct FT . . . 
Applying Jones Matrices to data . . . 
Adding thermal noise to data . . . 
Applying a priori calibration with estimated Jones matrices . . . 
Splitting Observation File into 64 times
WARNING:absl:The `aggregate` option is deprecated and will be ignored.
Welcome to eht-imaging! v 1.2.4 

Producing clean visibilities from movie with direct FT . . . 
Applying Jones Matrices to data . . . 
Adding thermal noise to data . . . 
Applying a priori calibration with estimated Jones matrices . . . 
Splitting Observation File into 64 times
/srv/tmp/kyle/miniconda3/envs/jax/lib/python3.9/site-packages/ehtim/__init__.py:56: UserWarning: pkg_resources is deprecated as an API. See https://setuptools.pypa.io/en/latest/pkg_resources.html. The pkg_resources package is slated for removal as early as 2025-11-30. Refrain from using this package or pin to Setuptools<81.
  import pkg_resources
/srv/tmp/kyle/miniconda3/envs/jax/lib/python3.9/site-packages/ehtim/__init__.py:56: UserWarning: pkg_resources is deprecated as an API. See https://setuptools.pypa.io/en/latest/pkg_resources.html. The pkg_resources package is slated for removal as early as 2025-11-30. Refrain from using this package or pin to Setuptools<81.
  import pkg_resources
WARNING:absl:Tensorflow library not found, tensorflow.io.gfile operations will use native shim calls. GCS paths (i.e. 'gs://...') cannot be accessed.
WARNING:absl:Tensorflow library not found, tensorflow.io.gfile operations will use native shim calls. GCS paths (i.e. 'gs://...') cannot be accessed.
/srv/tmp/kyle/miniconda3/envs/jax/lib/python3.9/site-packages/ehtim/__init__.py:56: UserWarning: pkg_resources is deprecated as an API. See https://setuptools.pypa.io/en/latest/pkg_resources.html. The pkg_resources package is slated for removal as early as 2025-11-30. Refrain from using this package or pin to Setuptools<81.
  import pkg_resources
2025-09-22 11:16:45.475652: W external/xla/xla/service/gpu/nvptx_compiler.cc:765] The NVIDIA driver's CUDA version is 12.2 which is older than the ptxas CUDA version (12.9.86). Because the driver is older than the ptxas version, XLA is disabling parallel compilation, which may slow down compilation. You should update your NVIDIA driver or use the NVIDIA-provided CUDA forward compatibility packages.
2025-09-22 11:16:45.910304: W external/xla/xla/service/gpu/nvptx_compiler.cc:765] The NVIDIA driver's CUDA version is 12.2 which is older than the ptxas CUDA version (12.9.86). Because the driver is older than the ptxas version, XLA is disabling parallel compilation, which may slow down compilation. You should update your NVIDIA driver or use the NVIDIA-provided CUDA forward compatibility packages.
WARNING:absl:Tensorflow library not found, tensorflow.io.gfile operations will use native shim calls. GCS paths (i.e. 'gs://...') cannot be accessed.
/srv/tmp/kyle/miniconda3/envs/jax/lib/python3.9/site-packages/xarray/core/computation.py:821: RuntimeWarning: invalid value encountered in sqrt
  result_data = func(*input_data)
2025-09-22 11:16:54.430864: W external/xla/xla/service/gpu/nvptx_compiler.cc:765] The NVIDIA driver's CUDA version is 12.2 which is older than the ptxas CUDA version (12.9.86). Because the driver is older than the ptxas version, XLA is disabling parallel compilation, which may slow down compilation. You should update your NVIDIA driver or use the NVIDIA-provided CUDA forward compatibility packages.
/srv/tmp/kyle/miniconda3/envs/jax/lib/python3.9/site-packages/xarray/core/computation.py:821: RuntimeWarning: invalid value encountered in sqrt
  result_data = func(*input_data)
/srv/tmp/kyle/miniconda3/envs/jax/lib/python3.9/site-packages/xarray/core/computation.py:821: RuntimeWarning: invalid value encountered in sqrt
  result_data = func(*input_data)
/srv/tmp/kyle/miniconda3/envs/jax/lib/python3.9/site-packages/xarray/core/computation.py:821: RuntimeWarning: invalid value encountered in sqrt
  result_data = func(*input_data)
WARNING:absl:The `aggregate` option is deprecated and will be ignored.
Welcome to eht-imaging! v 1.2.4 

Producing clean visibilities from movie with direct FT . . . 
Applying Jones Matrices to data . . . 
Adding thermal noise to data . . . 
Applying a priori calibration with estimated Jones matrices . . . 
Splitting Observation File into 64 times
/srv/tmp/kyle/miniconda3/envs/jax/lib/python3.9/site-packages/xarray/core/computation.py:821: RuntimeWarning: invalid value encountered in sqrt
  result_data = func(*input_data)
/srv/tmp/kyle/miniconda3/envs/jax/lib/python3.9/site-packages/xarray/core/computation.py:821: RuntimeWarning: invalid value encountered in sqrt
  result_data = func(*input_data)
/srv/tmp/kyle/miniconda3/envs/jax/lib/python3.9/site-packages/ehtim/__init__.py:56: UserWarning: pkg_resources is deprecated as an API. See https://setuptools.pypa.io/en/latest/pkg_resources.html. The pkg_resources package is slated for removal as early as 2025-11-30. Refrain from using this package or pin to Setuptools<81.
  import pkg_resources
WARNING:absl:Tensorflow library not found, tensorflow.io.gfile operations will use native shim calls. GCS paths (i.e. 'gs://...') cannot be accessed.
2025-09-22 11:17:41.334391: W external/xla/xla/service/gpu/nvptx_compiler.cc:765] The NVIDIA driver's CUDA version is 12.2 which is older than the ptxas CUDA version (12.9.86). Because the driver is older than the ptxas version, XLA is disabling parallel compilation, which may slow down compilation. You should update your NVIDIA driver or use the NVIDIA-provided CUDA forward compatibility packages.
/srv/tmp/kyle/miniconda3/envs/jax/lib/python3.9/site-packages/xarray/core/computation.py:821: RuntimeWarning: invalid value encountered in sqrt
  result_data = func(*input_data)
/srv/tmp/kyle/miniconda3/envs/jax/lib/python3.9/site-packages/xarray/core/computation.py:821: RuntimeWarning: invalid value encountered in sqrt
  result_data = func(*input_data)
WARNING:absl:The `aggregate` option is deprecated and will be ignored.
Welcome to eht-imaging! v 1.2.4 

Producing clean visibilities from movie with direct FT . . . 
Applying Jones Matrices to data . . . 
Adding thermal noise to data . . . 
Applying a priori calibration with estimated Jones matrices . . . 
Splitting Observation File into 64 times
WARNING:absl:The `aggregate` option is deprecated and will be ignored.
Welcome to eht-imaging! v 1.2.4 

Producing clean visibilities from movie with direct FT . . . 
Applying Jones Matrices to data . . . 
Adding thermal noise to data . . . 
Applying a priori calibration with estimated Jones matrices . . . 
Splitting Observation File into 64 times
/srv/tmp/kyle/miniconda3/envs/jax/lib/python3.9/site-packages/ehtim/__init__.py:56: UserWarning: pkg_resources is deprecated as an API. See https://setuptools.pypa.io/en/latest/pkg_resources.html. The pkg_resources package is slated for removal as early as 2025-11-30. Refrain from using this package or pin to Setuptools<81.
  import pkg_resources
WARNING:absl:Tensorflow library not found, tensorflow.io.gfile operations will use native shim calls. GCS paths (i.e. 'gs://...') cannot be accessed.
2025-09-22 11:46:20.326418: W external/xla/xla/service/gpu/nvptx_compiler.cc:765] The NVIDIA driver's CUDA version is 12.2 which is older than the ptxas CUDA version (12.9.86). Because the driver is older than the ptxas version, XLA is disabling parallel compilation, which may slow down compilation. You should update your NVIDIA driver or use the NVIDIA-provided CUDA forward compatibility packages.
/srv/tmp/kyle/miniconda3/envs/jax/lib/python3.9/site-packages/ehtim/__init__.py:56: UserWarning: pkg_resources is deprecated as an API. See https://setuptools.pypa.io/en/latest/pkg_resources.html. The pkg_resources package is slated for removal as early as 2025-11-30. Refrain from using this package or pin to Setuptools<81.
  import pkg_resources
/srv/tmp/kyle/miniconda3/envs/jax/lib/python3.9/site-packages/xarray/core/computation.py:821: RuntimeWarning: invalid value encountered in sqrt
  result_data = func(*input_data)
WARNING:absl:Tensorflow library not found, tensorflow.io.gfile operations will use native shim calls. GCS paths (i.e. 'gs://...') cannot be accessed.
2025-09-22 11:46:34.295779: W external/xla/xla/service/gpu/nvptx_compiler.cc:765] The NVIDIA driver's CUDA version is 12.2 which is older than the ptxas CUDA version (12.9.86). Because the driver is older than the ptxas version, XLA is disabling parallel compilation, which may slow down compilation. You should update your NVIDIA driver or use the NVIDIA-provided CUDA forward compatibility packages.
/srv/tmp/kyle/miniconda3/envs/jax/lib/python3.9/site-packages/xarray/core/computation.py:821: RuntimeWarning: invalid value encountered in sqrt
  result_data = func(*input_data)
WARNING:absl:The `aggregate` option is deprecated and will be ignored.
Welcome to eht-imaging! v 1.2.4 

Producing clean visibilities from movie with direct FT . . . 
Applying Jones Matrices to data . . . 
Adding thermal noise to data . . . 
Applying a priori calibration with estimated Jones matrices . . . 
Splitting Observation File into 64 times
/srv/tmp/kyle/miniconda3/envs/jax/lib/python3.9/site-packages/xarray/core/computation.py:821: RuntimeWarning: invalid value encountered in sqrt
  result_data = func(*input_data)
WARNING:absl:The `aggregate` option is deprecated and will be ignored.
Welcome to eht-imaging! v 1.2.4 

Producing clean visibilities from movie with direct FT . . . 
Applying Jones Matrices to data . . . 
Adding thermal noise to data . . . 
Applying a priori calibration with estimated Jones matrices . . . 
Splitting Observation File into 64 times
/srv/tmp/kyle/miniconda3/envs/jax/lib/python3.9/site-packages/xarray/core/computation.py:821: RuntimeWarning: invalid value encountered in sqrt
  result_data = func(*input_data)
/srv/tmp/kyle/miniconda3/envs/jax/lib/python3.9/site-packages/ehtim/__init__.py:56: UserWarning: pkg_resources is deprecated as an API. See https://setuptools.pypa.io/en/latest/pkg_resources.html. The pkg_resources package is slated for removal as early as 2025-11-30. Refrain from using this package or pin to Setuptools<81.
  import pkg_resources
/srv/tmp/kyle/miniconda3/envs/jax/lib/python3.9/site-packages/ehtim/__init__.py:56: UserWarning: pkg_resources is deprecated as an API. See https://setuptools.pypa.io/en/latest/pkg_resources.html. The pkg_resources package is slated for removal as early as 2025-11-30. Refrain from using this package or pin to Setuptools<81.
  import pkg_resources
WARNING:absl:Tensorflow library not found, tensorflow.io.gfile operations will use native shim calls. GCS paths (i.e. 'gs://...') cannot be accessed.
WARNING:absl:Tensorflow library not found, tensorflow.io.gfile operations will use native shim calls. GCS paths (i.e. 'gs://...') cannot be accessed.
2025-09-22 11:47:12.397976: W external/xla/xla/service/gpu/nvptx_compiler.cc:765] The NVIDIA driver's CUDA version is 12.2 which is older than the ptxas CUDA version (12.9.86). Because the driver is older than the ptxas version, XLA is disabling parallel compilation, which may slow down compilation. You should update your NVIDIA driver or use the NVIDIA-provided CUDA forward compatibility packages.
2025-09-22 11:47:13.313314: W external/xla/xla/service/gpu/nvptx_compiler.cc:765] The NVIDIA driver's CUDA version is 12.2 which is older than the ptxas CUDA version (12.9.86). Because the driver is older than the ptxas version, XLA is disabling parallel compilation, which may slow down compilation. You should update your NVIDIA driver or use the NVIDIA-provided CUDA forward compatibility packages.
/srv/tmp/kyle/miniconda3/envs/jax/lib/python3.9/site-packages/xarray/core/computation.py:821: RuntimeWarning: invalid value encountered in sqrt
  result_data = func(*input_data)
/srv/tmp/kyle/miniconda3/envs/jax/lib/python3.9/site-packages/xarray/core/computation.py:821: RuntimeWarning: invalid value encountered in sqrt
  result_data = func(*input_data)
/srv/tmp/kyle/miniconda3/envs/jax/lib/python3.9/site-packages/xarray/core/computation.py:821: RuntimeWarning: invalid value encountered in sqrt
  result_data = func(*input_data)
/srv/tmp/kyle/miniconda3/envs/jax/lib/python3.9/site-packages/xarray/core/computation.py:821: RuntimeWarning: invalid value encountered in sqrt
  result_data = func(*input_data)
2025-09-22 11:47:34.577634: W external/xla/xla/tsl/framework/bfc_allocator.cc:482] Allocator (GPU_0_bfc) ran out of memory trying to allocate 7.90GiB (rounded to 8483639552)requested by op 
2025-09-22 11:47:34.579249: W external/xla/xla/tsl/framework/bfc_allocator.cc:494] _______________________________________________________________________**___________________________
E0922 11:47:34.580658 2660713 pjrt_stream_executor_client.cc:2985] Execution of replica 0 failed: RESOURCE_EXHAUSTED: Out of memory while trying to allocate 8483639504 bytes.
Welcome to eht-imaging! v 1.2.4 

Producing clean visibilities from movie with direct FT . . . 
Applying Jones Matrices to data . . . 
Adding thermal noise to data . . . 
Applying a priori calibration with estimated Jones matrices . . . 
Splitting Observation File into 64 times
jax.errors.SimplifiedTraceback: For simplicity, JAX has removed its internal frames from the traceback of the following exception. Set JAX_TRACEBACK_FILTERING=off to include these.

The above exception was the direct cause of the following exception:

Traceback (most recent call last):
  File "/srv/tmp/kyle/bhnerf/tutorials/run_ensemble_eht.py", line 129, in <module>
    optimizer.run(batchsize, train_step, raytracing_args)
  File "/srv/tmp/kyle/bhnerf/bhnerf/optimization.py", line 136, in run
    self.loss, self.state, images = train_step(self.state, raytracing_args, indices=batch_indices)
  File "/srv/tmp/kyle/bhnerf/bhnerf/optimization.py", line 178, in __call__
    loss, state, images = call_fn[i](state, self.t_units, self.dtype[i], *self.args[i][indices], *rt_arg.values(), self.scale[i])
jaxlib.xla_extension.XlaRuntimeError: RESOURCE_EXHAUSTED: Out of memory while trying to allocate 8483639504 bytes.
/srv/tmp/kyle/miniconda3/envs/jax/lib/python3.9/site-packages/ehtim/__init__.py:56: UserWarning: pkg_resources is deprecated as an API. See https://setuptools.pypa.io/en/latest/pkg_resources.html. The pkg_resources package is slated for removal as early as 2025-11-30. Refrain from using this package or pin to Setuptools<81.
  import pkg_resources
WARNING:absl:Tensorflow library not found, tensorflow.io.gfile operations will use native shim calls. GCS paths (i.e. 'gs://...') cannot be accessed.
2025-09-22 11:48:10.200516: W external/xla/xla/service/gpu/nvptx_compiler.cc:765] The NVIDIA driver's CUDA version is 12.2 which is older than the ptxas CUDA version (12.9.86). Because the driver is older than the ptxas version, XLA is disabling parallel compilation, which may slow down compilation. You should update your NVIDIA driver or use the NVIDIA-provided CUDA forward compatibility packages.
/srv/tmp/kyle/miniconda3/envs/jax/lib/python3.9/site-packages/xarray/core/computation.py:821: RuntimeWarning: invalid value encountered in sqrt
  result_data = func(*input_data)
/srv/tmp/kyle/miniconda3/envs/jax/lib/python3.9/site-packages/xarray/core/computation.py:821: RuntimeWarning: invalid value encountered in sqrt
  result_data = func(*input_data)
2025-09-22 11:48:44.368020: W external/xla/xla/tsl/framework/bfc_allocator.cc:291] Allocator (GPU_0_bfc) ran out of memory trying to allocate 1.19GiB with freed_by_count=0. The caller indicates that this is not a failure, but this may mean that there could be performance gains if more memory were available.
Welcome to eht-imaging! v 1.2.4 

Producing clean visibilities from movie with direct FT . . . 
Applying Jones Matrices to data . . . 
Adding thermal noise to data . . . 
Applying a priori calibration with estimated Jones matrices . . . 
Splitting Observation File into 64 times
jax.errors.SimplifiedTraceback: For simplicity, JAX has removed its internal frames from the traceback of the following exception. Set JAX_TRACEBACK_FILTERING=off to include these.

The above exception was the direct cause of the following exception:

Traceback (most recent call last):
  File "/srv/tmp/kyle/bhnerf/tutorials/run_ensemble_eht.py", line 129, in <module>
    optimizer.run(batchsize, train_step, raytracing_args)
  File "/srv/tmp/kyle/bhnerf/bhnerf/optimization.py", line 136, in run
    self.loss, self.state, images = train_step(self.state, raytracing_args, indices=batch_indices)
  File "/srv/tmp/kyle/bhnerf/bhnerf/optimization.py", line 178, in __call__
    loss, state, images = call_fn[i](state, self.t_units, self.dtype[i], *self.args[i][indices], *rt_arg.values(), self.scale[i])
jaxlib.xla_extension.XlaRuntimeError: RESOURCE_EXHAUSTED: Out of memory while trying to allocate 1275068416 bytes.
/srv/tmp/kyle/miniconda3/envs/jax/lib/python3.9/site-packages/ehtim/__init__.py:56: UserWarning: pkg_resources is deprecated as an API. See https://setuptools.pypa.io/en/latest/pkg_resources.html. The pkg_resources package is slated for removal as early as 2025-11-30. Refrain from using this package or pin to Setuptools<81.
  import pkg_resources
WARNING:absl:Tensorflow library not found, tensorflow.io.gfile operations will use native shim calls. GCS paths (i.e. 'gs://...') cannot be accessed.
2025-09-22 11:49:18.883620: W external/xla/xla/service/gpu/nvptx_compiler.cc:765] The NVIDIA driver's CUDA version is 12.2 which is older than the ptxas CUDA version (12.9.86). Because the driver is older than the ptxas version, XLA is disabling parallel compilation, which may slow down compilation. You should update your NVIDIA driver or use the NVIDIA-provided CUDA forward compatibility packages.
/srv/tmp/kyle/miniconda3/envs/jax/lib/python3.9/site-packages/xarray/core/computation.py:821: RuntimeWarning: invalid value encountered in sqrt
  result_data = func(*input_data)
/srv/tmp/kyle/miniconda3/envs/jax/lib/python3.9/site-packages/xarray/core/computation.py:821: RuntimeWarning: invalid value encountered in sqrt
  result_data = func(*input_data)
WARNING:absl:The `aggregate` option is deprecated and will be ignored.
Welcome to eht-imaging! v 1.2.4 

Producing clean visibilities from movie with direct FT . . . 
Applying Jones Matrices to data . . . 
Adding thermal noise to data . . . 
Applying a priori calibration with estimated Jones matrices . . . 
Splitting Observation File into 64 times
WARNING:absl:The `aggregate` option is deprecated and will be ignored.
Welcome to eht-imaging! v 1.2.4 

Producing clean visibilities from movie with direct FT . . . 
Applying Jones Matrices to data . . . 
Adding thermal noise to data . . . 
Applying a priori calibration with estimated Jones matrices . . . 
Splitting Observation File into 64 times
WARNING:absl:The `aggregate` option is deprecated and will be ignored.
Welcome to eht-imaging! v 1.2.4 

Producing clean visibilities from movie with direct FT . . . 
Applying Jones Matrices to data . . . 
Adding thermal noise to data . . . 
Applying a priori calibration with estimated Jones matrices . . . 
Splitting Observation File into 64 times
/srv/tmp/kyle/miniconda3/envs/jax/lib/python3.9/site-packages/ehtim/__init__.py:56: UserWarning: pkg_resources is deprecated as an API. See https://setuptools.pypa.io/en/latest/pkg_resources.html. The pkg_resources package is slated for removal as early as 2025-11-30. Refrain from using this package or pin to Setuptools<81.
  import pkg_resources
WARNING:absl:Tensorflow library not found, tensorflow.io.gfile operations will use native shim calls. GCS paths (i.e. 'gs://...') cannot be accessed.
/srv/tmp/kyle/miniconda3/envs/jax/lib/python3.9/site-packages/ehtim/__init__.py:56: UserWarning: pkg_resources is deprecated as an API. See https://setuptools.pypa.io/en/latest/pkg_resources.html. The pkg_resources package is slated for removal as early as 2025-11-30. Refrain from using this package or pin to Setuptools<81.
  import pkg_resources
WARNING:absl:Tensorflow library not found, tensorflow.io.gfile operations will use native shim calls. GCS paths (i.e. 'gs://...') cannot be accessed.
2025-09-22 12:16:28.488428: W external/xla/xla/service/gpu/nvptx_compiler.cc:765] The NVIDIA driver's CUDA version is 12.2 which is older than the ptxas CUDA version (12.9.86). Because the driver is older than the ptxas version, XLA is disabling parallel compilation, which may slow down compilation. You should update your NVIDIA driver or use the NVIDIA-provided CUDA forward compatibility packages.
2025-09-22 12:16:34.354009: W external/xla/xla/service/gpu/nvptx_compiler.cc:765] The NVIDIA driver's CUDA version is 12.2 which is older than the ptxas CUDA version (12.9.86). Because the driver is older than the ptxas version, XLA is disabling parallel compilation, which may slow down compilation. You should update your NVIDIA driver or use the NVIDIA-provided CUDA forward compatibility packages.
/srv/tmp/kyle/miniconda3/envs/jax/lib/python3.9/site-packages/ehtim/__init__.py:56: UserWarning: pkg_resources is deprecated as an API. See https://setuptools.pypa.io/en/latest/pkg_resources.html. The pkg_resources package is slated for removal as early as 2025-11-30. Refrain from using this package or pin to Setuptools<81.
  import pkg_resources
/srv/tmp/kyle/miniconda3/envs/jax/lib/python3.9/site-packages/xarray/core/computation.py:821: RuntimeWarning: invalid value encountered in sqrt
  result_data = func(*input_data)
WARNING:absl:Tensorflow library not found, tensorflow.io.gfile operations will use native shim calls. GCS paths (i.e. 'gs://...') cannot be accessed.
/srv/tmp/kyle/miniconda3/envs/jax/lib/python3.9/site-packages/xarray/core/computation.py:821: RuntimeWarning: invalid value encountered in sqrt
  result_data = func(*input_data)
2025-09-22 12:16:48.543579: W external/xla/xla/service/gpu/nvptx_compiler.cc:765] The NVIDIA driver's CUDA version is 12.2 which is older than the ptxas CUDA version (12.9.86). Because the driver is older than the ptxas version, XLA is disabling parallel compilation, which may slow down compilation. You should update your NVIDIA driver or use the NVIDIA-provided CUDA forward compatibility packages.
/srv/tmp/kyle/miniconda3/envs/jax/lib/python3.9/site-packages/xarray/core/computation.py:821: RuntimeWarning: invalid value encountered in sqrt
  result_data = func(*input_data)
/srv/tmp/kyle/miniconda3/envs/jax/lib/python3.9/site-packages/xarray/core/computation.py:821: RuntimeWarning: invalid value encountered in sqrt
  result_data = func(*input_data)
/srv/tmp/kyle/miniconda3/envs/jax/lib/python3.9/site-packages/xarray/core/computation.py:821: RuntimeWarning: invalid value encountered in sqrt
  result_data = func(*input_data)
/srv/tmp/kyle/miniconda3/envs/jax/lib/python3.9/site-packages/xarray/core/computation.py:821: RuntimeWarning: invalid value encountered in sqrt
  result_data = func(*input_data)
WARNING:absl:The `aggregate` option is deprecated and will be ignored.
Welcome to eht-imaging! v 1.2.4 

Producing clean visibilities from movie with direct FT . . . 
Applying Jones Matrices to data . . . 
Adding thermal noise to data . . . 
Applying a priori calibration with estimated Jones matrices . . . 
Splitting Observation File into 64 times
/srv/tmp/kyle/miniconda3/envs/jax/lib/python3.9/site-packages/ehtim/__init__.py:56: UserWarning: pkg_resources is deprecated as an API. See https://setuptools.pypa.io/en/latest/pkg_resources.html. The pkg_resources package is slated for removal as early as 2025-11-30. Refrain from using this package or pin to Setuptools<81.
  import pkg_resources
WARNING:absl:Tensorflow library not found, tensorflow.io.gfile operations will use native shim calls. GCS paths (i.e. 'gs://...') cannot be accessed.
2025-09-22 12:18:39.786803: W external/xla/xla/service/gpu/nvptx_compiler.cc:765] The NVIDIA driver's CUDA version is 12.2 which is older than the ptxas CUDA version (12.9.86). Because the driver is older than the ptxas version, XLA is disabling parallel compilation, which may slow down compilation. You should update your NVIDIA driver or use the NVIDIA-provided CUDA forward compatibility packages.
/srv/tmp/kyle/miniconda3/envs/jax/lib/python3.9/site-packages/xarray/core/computation.py:821: RuntimeWarning: invalid value encountered in sqrt
  result_data = func(*input_data)
/srv/tmp/kyle/miniconda3/envs/jax/lib/python3.9/site-packages/xarray/core/computation.py:821: RuntimeWarning: invalid value encountered in sqrt
  result_data = func(*input_data)
WARNING:absl:The `aggregate` option is deprecated and will be ignored.
WARNING:absl:The `aggregate` option is deprecated and will be ignored.
Welcome to eht-imaging! v 1.2.4 

Producing clean visibilities from movie with direct FT . . . 
Applying Jones Matrices to data . . . 
Adding thermal noise to data . . . 
Applying a priori calibration with estimated Jones matrices . . . 
Splitting Observation File into 64 times
Welcome to eht-imaging! v 1.2.4 

Producing clean visibilities from movie with direct FT . . . 
Applying Jones Matrices to data . . . 
Adding thermal noise to data . . . 
Applying a priori calibration with estimated Jones matrices . . . 
Splitting Observation File into 64 times
WARNING:absl:The `aggregate` option is deprecated and will be ignored.
Welcome to eht-imaging! v 1.2.4 

Producing clean visibilities from movie with direct FT . . . 
Applying Jones Matrices to data . . . 
Adding thermal noise to data . . . 
Applying a priori calibration with estimated Jones matrices . . . 
Splitting Observation File into 64 times
/srv/tmp/kyle/miniconda3/envs/jax/lib/python3.9/site-packages/ehtim/__init__.py:56: UserWarning: pkg_resources is deprecated as an API. See https://setuptools.pypa.io/en/latest/pkg_resources.html. The pkg_resources package is slated for removal as early as 2025-11-30. Refrain from using this package or pin to Setuptools<81.
  import pkg_resources
/srv/tmp/kyle/miniconda3/envs/jax/lib/python3.9/site-packages/ehtim/__init__.py:56: UserWarning: pkg_resources is deprecated as an API. See https://setuptools.pypa.io/en/latest/pkg_resources.html. The pkg_resources package is slated for removal as early as 2025-11-30. Refrain from using this package or pin to Setuptools<81.
  import pkg_resources
WARNING:absl:Tensorflow library not found, tensorflow.io.gfile operations will use native shim calls. GCS paths (i.e. 'gs://...') cannot be accessed.
WARNING:absl:Tensorflow library not found, tensorflow.io.gfile operations will use native shim calls. GCS paths (i.e. 'gs://...') cannot be accessed.
2025-09-22 12:46:06.599743: W external/xla/xla/service/gpu/nvptx_compiler.cc:765] The NVIDIA driver's CUDA version is 12.2 which is older than the ptxas CUDA version (12.9.86). Because the driver is older than the ptxas version, XLA is disabling parallel compilation, which may slow down compilation. You should update your NVIDIA driver or use the NVIDIA-provided CUDA forward compatibility packages.
2025-09-22 12:46:06.599745: W external/xla/xla/service/gpu/nvptx_compiler.cc:765] The NVIDIA driver's CUDA version is 12.2 which is older than the ptxas CUDA version (12.9.86). Because the driver is older than the ptxas version, XLA is disabling parallel compilation, which may slow down compilation. You should update your NVIDIA driver or use the NVIDIA-provided CUDA forward compatibility packages.
/srv/tmp/kyle/miniconda3/envs/jax/lib/python3.9/site-packages/ehtim/__init__.py:56: UserWarning: pkg_resources is deprecated as an API. See https://setuptools.pypa.io/en/latest/pkg_resources.html. The pkg_resources package is slated for removal as early as 2025-11-30. Refrain from using this package or pin to Setuptools<81.
  import pkg_resources
/srv/tmp/kyle/miniconda3/envs/jax/lib/python3.9/site-packages/xarray/core/computation.py:821: RuntimeWarning: invalid value encountered in sqrt
  result_data = func(*input_data)
WARNING:absl:Tensorflow library not found, tensorflow.io.gfile operations will use native shim calls. GCS paths (i.e. 'gs://...') cannot be accessed.
/srv/tmp/kyle/miniconda3/envs/jax/lib/python3.9/site-packages/xarray/core/computation.py:821: RuntimeWarning: invalid value encountered in sqrt
  result_data = func(*input_data)
2025-09-22 12:46:20.529643: W external/xla/xla/service/gpu/nvptx_compiler.cc:765] The NVIDIA driver's CUDA version is 12.2 which is older than the ptxas CUDA version (12.9.86). Because the driver is older than the ptxas version, XLA is disabling parallel compilation, which may slow down compilation. You should update your NVIDIA driver or use the NVIDIA-provided CUDA forward compatibility packages.
/srv/tmp/kyle/miniconda3/envs/jax/lib/python3.9/site-packages/xarray/core/computation.py:821: RuntimeWarning: invalid value encountered in sqrt
  result_data = func(*input_data)
/srv/tmp/kyle/miniconda3/envs/jax/lib/python3.9/site-packages/xarray/core/computation.py:821: RuntimeWarning: invalid value encountered in sqrt
  result_data = func(*input_data)
/srv/tmp/kyle/miniconda3/envs/jax/lib/python3.9/site-packages/xarray/core/computation.py:821: RuntimeWarning: invalid value encountered in sqrt
  result_data = func(*input_data)
/srv/tmp/kyle/miniconda3/envs/jax/lib/python3.9/site-packages/xarray/core/computation.py:821: RuntimeWarning: invalid value encountered in sqrt
  result_data = func(*input_data)
WARNING:absl:The `aggregate` option is deprecated and will be ignored.
Welcome to eht-imaging! v 1.2.4 

Producing clean visibilities from movie with direct FT . . . 
Applying Jones Matrices to data . . . 
Adding thermal noise to data . . . 
Applying a priori calibration with estimated Jones matrices . . . 
Splitting Observation File into 64 times
/srv/tmp/kyle/miniconda3/envs/jax/lib/python3.9/site-packages/ehtim/__init__.py:56: UserWarning: pkg_resources is deprecated as an API. See https://setuptools.pypa.io/en/latest/pkg_resources.html. The pkg_resources package is slated for removal as early as 2025-11-30. Refrain from using this package or pin to Setuptools<81.
  import pkg_resources
WARNING:absl:Tensorflow library not found, tensorflow.io.gfile operations will use native shim calls. GCS paths (i.e. 'gs://...') cannot be accessed.
2025-09-22 12:48:50.117509: W external/xla/xla/service/gpu/nvptx_compiler.cc:765] The NVIDIA driver's CUDA version is 12.2 which is older than the ptxas CUDA version (12.9.86). Because the driver is older than the ptxas version, XLA is disabling parallel compilation, which may slow down compilation. You should update your NVIDIA driver or use the NVIDIA-provided CUDA forward compatibility packages.
/srv/tmp/kyle/miniconda3/envs/jax/lib/python3.9/site-packages/xarray/core/computation.py:821: RuntimeWarning: invalid value encountered in sqrt
  result_data = func(*input_data)
/srv/tmp/kyle/miniconda3/envs/jax/lib/python3.9/site-packages/xarray/core/computation.py:821: RuntimeWarning: invalid value encountered in sqrt
  result_data = func(*input_data)
WARNING:absl:The `aggregate` option is deprecated and will be ignored.
Welcome to eht-imaging! v 1.2.4 

Producing clean visibilities from movie with direct FT . . . 
Applying Jones Matrices to data . . . 
Adding thermal noise to data . . . 
Applying a priori calibration with estimated Jones matrices . . . 
Splitting Observation File into 64 times
WARNING:absl:The `aggregate` option is deprecated and will be ignored.
Welcome to eht-imaging! v 1.2.4 

Producing clean visibilities from movie with direct FT . . . 
Applying Jones Matrices to data . . . 
Adding thermal noise to data . . . 
Applying a priori calibration with estimated Jones matrices . . . 
Splitting Observation File into 64 times
WARNING:absl:The `aggregate` option is deprecated and will be ignored.
Welcome to eht-imaging! v 1.2.4 

Producing clean visibilities from movie with direct FT . . . 
Applying Jones Matrices to data . . . 
Adding thermal noise to data . . . 
Applying a priori calibration with estimated Jones matrices . . . 
Splitting Observation File into 64 times
/srv/tmp/kyle/miniconda3/envs/jax/lib/python3.9/site-packages/ehtim/__init__.py:56: UserWarning: pkg_resources is deprecated as an API. See https://setuptools.pypa.io/en/latest/pkg_resources.html. The pkg_resources package is slated for removal as early as 2025-11-30. Refrain from using this package or pin to Setuptools<81.
  import pkg_resources
WARNING:absl:Tensorflow library not found, tensorflow.io.gfile operations will use native shim calls. GCS paths (i.e. 'gs://...') cannot be accessed.
/srv/tmp/kyle/miniconda3/envs/jax/lib/python3.9/site-packages/ehtim/__init__.py:56: UserWarning: pkg_resources is deprecated as an API. See https://setuptools.pypa.io/en/latest/pkg_resources.html. The pkg_resources package is slated for removal as early as 2025-11-30. Refrain from using this package or pin to Setuptools<81.
  import pkg_resources
WARNING:absl:Tensorflow library not found, tensorflow.io.gfile operations will use native shim calls. GCS paths (i.e. 'gs://...') cannot be accessed.
2025-09-22 13:15:25.265327: W external/xla/xla/service/gpu/nvptx_compiler.cc:765] The NVIDIA driver's CUDA version is 12.2 which is older than the ptxas CUDA version (12.9.86). Because the driver is older than the ptxas version, XLA is disabling parallel compilation, which may slow down compilation. You should update your NVIDIA driver or use the NVIDIA-provided CUDA forward compatibility packages.
2025-09-22 13:15:30.875637: W external/xla/xla/service/gpu/nvptx_compiler.cc:765] The NVIDIA driver's CUDA version is 12.2 which is older than the ptxas CUDA version (12.9.86). Because the driver is older than the ptxas version, XLA is disabling parallel compilation, which may slow down compilation. You should update your NVIDIA driver or use the NVIDIA-provided CUDA forward compatibility packages.
/srv/tmp/kyle/miniconda3/envs/jax/lib/python3.9/site-packages/xarray/core/computation.py:821: RuntimeWarning: invalid value encountered in sqrt
  result_data = func(*input_data)
/srv/tmp/kyle/miniconda3/envs/jax/lib/python3.9/site-packages/ehtim/__init__.py:56: UserWarning: pkg_resources is deprecated as an API. See https://setuptools.pypa.io/en/latest/pkg_resources.html. The pkg_resources package is slated for removal as early as 2025-11-30. Refrain from using this package or pin to Setuptools<81.
  import pkg_resources
WARNING:absl:Tensorflow library not found, tensorflow.io.gfile operations will use native shim calls. GCS paths (i.e. 'gs://...') cannot be accessed.
/srv/tmp/kyle/miniconda3/envs/jax/lib/python3.9/site-packages/xarray/core/computation.py:821: RuntimeWarning: invalid value encountered in sqrt
  result_data = func(*input_data)
2025-09-22 13:15:44.604199: W external/xla/xla/service/gpu/nvptx_compiler.cc:765] The NVIDIA driver's CUDA version is 12.2 which is older than the ptxas CUDA version (12.9.86). Because the driver is older than the ptxas version, XLA is disabling parallel compilation, which may slow down compilation. You should update your NVIDIA driver or use the NVIDIA-provided CUDA forward compatibility packages.
/srv/tmp/kyle/miniconda3/envs/jax/lib/python3.9/site-packages/xarray/core/computation.py:821: RuntimeWarning: invalid value encountered in sqrt
  result_data = func(*input_data)
/srv/tmp/kyle/miniconda3/envs/jax/lib/python3.9/site-packages/xarray/core/computation.py:821: RuntimeWarning: invalid value encountered in sqrt
  result_data = func(*input_data)
/srv/tmp/kyle/miniconda3/envs/jax/lib/python3.9/site-packages/xarray/core/computation.py:821: RuntimeWarning: invalid value encountered in sqrt
  result_data = func(*input_data)
/srv/tmp/kyle/miniconda3/envs/jax/lib/python3.9/site-packages/xarray/core/computation.py:821: RuntimeWarning: invalid value encountered in sqrt
  result_data = func(*input_data)
WARNING:absl:The `aggregate` option is deprecated and will be ignored.
Welcome to eht-imaging! v 1.2.4 

Producing clean visibilities from movie with direct FT . . . 
Applying Jones Matrices to data . . . 
Adding thermal noise to data . . . 
Applying a priori calibration with estimated Jones matrices . . . 
Splitting Observation File into 64 times
/srv/tmp/kyle/miniconda3/envs/jax/lib/python3.9/site-packages/ehtim/__init__.py:56: UserWarning: pkg_resources is deprecated as an API. See https://setuptools.pypa.io/en/latest/pkg_resources.html. The pkg_resources package is slated for removal as early as 2025-11-30. Refrain from using this package or pin to Setuptools<81.
  import pkg_resources
WARNING:absl:Tensorflow library not found, tensorflow.io.gfile operations will use native shim calls. GCS paths (i.e. 'gs://...') cannot be accessed.
2025-09-22 13:18:20.010568: W external/xla/xla/service/gpu/nvptx_compiler.cc:765] The NVIDIA driver's CUDA version is 12.2 which is older than the ptxas CUDA version (12.9.86). Because the driver is older than the ptxas version, XLA is disabling parallel compilation, which may slow down compilation. You should update your NVIDIA driver or use the NVIDIA-provided CUDA forward compatibility packages.
/srv/tmp/kyle/miniconda3/envs/jax/lib/python3.9/site-packages/xarray/core/computation.py:821: RuntimeWarning: invalid value encountered in sqrt
  result_data = func(*input_data)
/srv/tmp/kyle/miniconda3/envs/jax/lib/python3.9/site-packages/xarray/core/computation.py:821: RuntimeWarning: invalid value encountered in sqrt
  result_data = func(*input_data)
WARNING:absl:The `aggregate` option is deprecated and will be ignored.
Welcome to eht-imaging! v 1.2.4 

Producing clean visibilities from movie with direct FT . . . 
Applying Jones Matrices to data . . . 
Adding thermal noise to data . . . 
Applying a priori calibration with estimated Jones matrices . . . 
Splitting Observation File into 64 times
WARNING:absl:The `aggregate` option is deprecated and will be ignored.
Welcome to eht-imaging! v 1.2.4 

Producing clean visibilities from movie with direct FT . . . 
Applying Jones Matrices to data . . . 
Adding thermal noise to data . . . 
Applying a priori calibration with estimated Jones matrices . . . 
Splitting Observation File into 64 times
/srv/tmp/kyle/miniconda3/envs/jax/lib/python3.9/site-packages/ehtim/__init__.py:56: UserWarning: pkg_resources is deprecated as an API. See https://setuptools.pypa.io/en/latest/pkg_resources.html. The pkg_resources package is slated for removal as early as 2025-11-30. Refrain from using this package or pin to Setuptools<81.
  import pkg_resources
WARNING:absl:Tensorflow library not found, tensorflow.io.gfile operations will use native shim calls. GCS paths (i.e. 'gs://...') cannot be accessed.
/srv/tmp/kyle/miniconda3/envs/jax/lib/python3.9/site-packages/ehtim/__init__.py:56: UserWarning: pkg_resources is deprecated as an API. See https://setuptools.pypa.io/en/latest/pkg_resources.html. The pkg_resources package is slated for removal as early as 2025-11-30. Refrain from using this package or pin to Setuptools<81.
  import pkg_resources
2025-09-22 13:44:23.902987: W external/xla/xla/service/gpu/nvptx_compiler.cc:765] The NVIDIA driver's CUDA version is 12.2 which is older than the ptxas CUDA version (12.9.86). Because the driver is older than the ptxas version, XLA is disabling parallel compilation, which may slow down compilation. You should update your NVIDIA driver or use the NVIDIA-provided CUDA forward compatibility packages.
WARNING:absl:Tensorflow library not found, tensorflow.io.gfile operations will use native shim calls. GCS paths (i.e. 'gs://...') cannot be accessed.
2025-09-22 13:44:34.303852: W external/xla/xla/service/gpu/nvptx_compiler.cc:765] The NVIDIA driver's CUDA version is 12.2 which is older than the ptxas CUDA version (12.9.86). Because the driver is older than the ptxas version, XLA is disabling parallel compilation, which may slow down compilation. You should update your NVIDIA driver or use the NVIDIA-provided CUDA forward compatibility packages.
/srv/tmp/kyle/miniconda3/envs/jax/lib/python3.9/site-packages/xarray/core/computation.py:821: RuntimeWarning: invalid value encountered in sqrt
  result_data = func(*input_data)
/srv/tmp/kyle/miniconda3/envs/jax/lib/python3.9/site-packages/xarray/core/computation.py:821: RuntimeWarning: invalid value encountered in sqrt
  result_data = func(*input_data)
/srv/tmp/kyle/miniconda3/envs/jax/lib/python3.9/site-packages/xarray/core/computation.py:821: RuntimeWarning: invalid value encountered in sqrt
  result_data = func(*input_data)
/srv/tmp/kyle/miniconda3/envs/jax/lib/python3.9/site-packages/xarray/core/computation.py:821: RuntimeWarning: invalid value encountered in sqrt
  result_data = func(*input_data)
2025-09-22 13:45:05.177088: W external/xla/xla/tsl/framework/bfc_allocator.cc:291] Allocator (GPU_0_bfc) ran out of memory trying to allocate 1.19GiB with freed_by_count=0. The caller indicates that this is not a failure, but this may mean that there could be performance gains if more memory were available.
Welcome to eht-imaging! v 1.2.4 

Producing clean visibilities from movie with direct FT . . . 
Applying Jones Matrices to data . . . 
Adding thermal noise to data . . . 
Applying a priori calibration with estimated Jones matrices . . . 
Splitting Observation File into 64 times
jax.errors.SimplifiedTraceback: For simplicity, JAX has removed its internal frames from the traceback of the following exception. Set JAX_TRACEBACK_FILTERING=off to include these.

The above exception was the direct cause of the following exception:

Traceback (most recent call last):
  File "/srv/tmp/kyle/bhnerf/tutorials/run_ensemble_eht.py", line 129, in <module>
    optimizer.run(batchsize, train_step, raytracing_args)
  File "/srv/tmp/kyle/bhnerf/bhnerf/optimization.py", line 136, in run
    self.loss, self.state, images = train_step(self.state, raytracing_args, indices=batch_indices)
  File "/srv/tmp/kyle/bhnerf/bhnerf/optimization.py", line 178, in __call__
    loss, state, images = call_fn[i](state, self.t_units, self.dtype[i], *self.args[i][indices], *rt_arg.values(), self.scale[i])
jaxlib.xla_extension.XlaRuntimeError: RESOURCE_EXHAUSTED: Out of memory while trying to allocate 1275068416 bytes.
/srv/tmp/kyle/miniconda3/envs/jax/lib/python3.9/site-packages/ehtim/__init__.py:56: UserWarning: pkg_resources is deprecated as an API. See https://setuptools.pypa.io/en/latest/pkg_resources.html. The pkg_resources package is slated for removal as early as 2025-11-30. Refrain from using this package or pin to Setuptools<81.
  import pkg_resources
WARNING:absl:Tensorflow library not found, tensorflow.io.gfile operations will use native shim calls. GCS paths (i.e. 'gs://...') cannot be accessed.
2025-09-22 13:45:38.322340: W external/xla/xla/service/gpu/nvptx_compiler.cc:765] The NVIDIA driver's CUDA version is 12.2 which is older than the ptxas CUDA version (12.9.86). Because the driver is older than the ptxas version, XLA is disabling parallel compilation, which may slow down compilation. You should update your NVIDIA driver or use the NVIDIA-provided CUDA forward compatibility packages.
/srv/tmp/kyle/miniconda3/envs/jax/lib/python3.9/site-packages/xarray/core/computation.py:821: RuntimeWarning: invalid value encountered in sqrt
  result_data = func(*input_data)
/srv/tmp/kyle/miniconda3/envs/jax/lib/python3.9/site-packages/xarray/core/computation.py:821: RuntimeWarning: invalid value encountered in sqrt
  result_data = func(*input_data)
WARNING:absl:The `aggregate` option is deprecated and will be ignored.
Welcome to eht-imaging! v 1.2.4 

Producing clean visibilities from movie with direct FT . . . 
Applying Jones Matrices to data . . . 
Adding thermal noise to data . . . 
Applying a priori calibration with estimated Jones matrices . . . 
Splitting Observation File into 64 times
/srv/tmp/kyle/miniconda3/envs/jax/lib/python3.9/site-packages/ehtim/__init__.py:56: UserWarning: pkg_resources is deprecated as an API. See https://setuptools.pypa.io/en/latest/pkg_resources.html. The pkg_resources package is slated for removal as early as 2025-11-30. Refrain from using this package or pin to Setuptools<81.
  import pkg_resources
WARNING:absl:Tensorflow library not found, tensorflow.io.gfile operations will use native shim calls. GCS paths (i.e. 'gs://...') cannot be accessed.
2025-09-22 13:47:02.122050: W external/xla/xla/service/gpu/nvptx_compiler.cc:765] The NVIDIA driver's CUDA version is 12.2 which is older than the ptxas CUDA version (12.9.86). Because the driver is older than the ptxas version, XLA is disabling parallel compilation, which may slow down compilation. You should update your NVIDIA driver or use the NVIDIA-provided CUDA forward compatibility packages.
/srv/tmp/kyle/miniconda3/envs/jax/lib/python3.9/site-packages/xarray/core/computation.py:821: RuntimeWarning: invalid value encountered in sqrt
  result_data = func(*input_data)
/srv/tmp/kyle/miniconda3/envs/jax/lib/python3.9/site-packages/xarray/core/computation.py:821: RuntimeWarning: invalid value encountered in sqrt
  result_data = func(*input_data)
WARNING:absl:The `aggregate` option is deprecated and will be ignored.
Welcome to eht-imaging! v 1.2.4 

Producing clean visibilities from movie with direct FT . . . 
Applying Jones Matrices to data . . . 
Adding thermal noise to data . . . 
Applying a priori calibration with estimated Jones matrices . . . 
Splitting Observation File into 64 times
/srv/tmp/kyle/miniconda3/envs/jax/lib/python3.9/site-packages/ehtim/__init__.py:56: UserWarning: pkg_resources is deprecated as an API. See https://setuptools.pypa.io/en/latest/pkg_resources.html. The pkg_resources package is slated for removal as early as 2025-11-30. Refrain from using this package or pin to Setuptools<81.
  import pkg_resources
WARNING:absl:Tensorflow library not found, tensorflow.io.gfile operations will use native shim calls. GCS paths (i.e. 'gs://...') cannot be accessed.
2025-09-22 13:51:55.091276: W external/xla/xla/service/gpu/nvptx_compiler.cc:765] The NVIDIA driver's CUDA version is 12.2 which is older than the ptxas CUDA version (12.9.86). Because the driver is older than the ptxas version, XLA is disabling parallel compilation, which may slow down compilation. You should update your NVIDIA driver or use the NVIDIA-provided CUDA forward compatibility packages.
/srv/tmp/kyle/miniconda3/envs/jax/lib/python3.9/site-packages/xarray/core/computation.py:821: RuntimeWarning: invalid value encountered in sqrt
  result_data = func(*input_data)
/srv/tmp/kyle/miniconda3/envs/jax/lib/python3.9/site-packages/xarray/core/computation.py:821: RuntimeWarning: invalid value encountered in sqrt
  result_data = func(*input_data)
WARNING:absl:The `aggregate` option is deprecated and will be ignored.
Welcome to eht-imaging! v 1.2.4 

Producing clean visibilities from movie with direct FT . . . 
Applying Jones Matrices to data . . . 
Adding thermal noise to data . . . 
Applying a priori calibration with estimated Jones matrices . . . 
Splitting Observation File into 64 times
/srv/tmp/kyle/miniconda3/envs/jax/lib/python3.9/site-packages/ehtim/__init__.py:56: UserWarning: pkg_resources is deprecated as an API. See https://setuptools.pypa.io/en/latest/pkg_resources.html. The pkg_resources package is slated for removal as early as 2025-11-30. Refrain from using this package or pin to Setuptools<81.
  import pkg_resources
WARNING:absl:Tensorflow library not found, tensorflow.io.gfile operations will use native shim calls. GCS paths (i.e. 'gs://...') cannot be accessed.
2025-09-22 14:14:23.784594: W external/xla/xla/service/gpu/nvptx_compiler.cc:765] The NVIDIA driver's CUDA version is 12.2 which is older than the ptxas CUDA version (12.9.86). Because the driver is older than the ptxas version, XLA is disabling parallel compilation, which may slow down compilation. You should update your NVIDIA driver or use the NVIDIA-provided CUDA forward compatibility packages.
/srv/tmp/kyle/miniconda3/envs/jax/lib/python3.9/site-packages/xarray/core/computation.py:821: RuntimeWarning: invalid value encountered in sqrt
  result_data = func(*input_data)
/srv/tmp/kyle/miniconda3/envs/jax/lib/python3.9/site-packages/xarray/core/computation.py:821: RuntimeWarning: invalid value encountered in sqrt
  result_data = func(*input_data)
2025-09-22 14:14:59.691100: W external/xla/xla/tsl/framework/bfc_allocator.cc:291] Allocator (GPU_0_bfc) ran out of memory trying to allocate 1.19GiB with freed_by_count=0. The caller indicates that this is not a failure, but this may mean that there could be performance gains if more memory were available.
Welcome to eht-imaging! v 1.2.4 

Producing clean visibilities from movie with direct FT . . . 
Applying Jones Matrices to data . . . 
Adding thermal noise to data . . . 
Applying a priori calibration with estimated Jones matrices . . . 
Splitting Observation File into 64 times
jax.errors.SimplifiedTraceback: For simplicity, JAX has removed its internal frames from the traceback of the following exception. Set JAX_TRACEBACK_FILTERING=off to include these.

The above exception was the direct cause of the following exception:

Traceback (most recent call last):
  File "/srv/tmp/kyle/bhnerf/tutorials/run_ensemble_eht.py", line 129, in <module>
    optimizer.run(batchsize, train_step, raytracing_args)
  File "/srv/tmp/kyle/bhnerf/bhnerf/optimization.py", line 136, in run
    self.loss, self.state, images = train_step(self.state, raytracing_args, indices=batch_indices)
  File "/srv/tmp/kyle/bhnerf/bhnerf/optimization.py", line 178, in __call__
    loss, state, images = call_fn[i](state, self.t_units, self.dtype[i], *self.args[i][indices], *rt_arg.values(), self.scale[i])
jaxlib.xla_extension.XlaRuntimeError: RESOURCE_EXHAUSTED: Out of memory while trying to allocate 1275068416 bytes.
WARNING:absl:The `aggregate` option is deprecated and will be ignored.
Welcome to eht-imaging! v 1.2.4 

Producing clean visibilities from movie with direct FT . . . 
Applying Jones Matrices to data . . . 
Adding thermal noise to data . . . 
Applying a priori calibration with estimated Jones matrices . . . 
Splitting Observation File into 64 times
/srv/tmp/kyle/miniconda3/envs/jax/lib/python3.9/site-packages/ehtim/__init__.py:56: UserWarning: pkg_resources is deprecated as an API. See https://setuptools.pypa.io/en/latest/pkg_resources.html. The pkg_resources package is slated for removal as early as 2025-11-30. Refrain from using this package or pin to Setuptools<81.
  import pkg_resources
WARNING:absl:Tensorflow library not found, tensorflow.io.gfile operations will use native shim calls. GCS paths (i.e. 'gs://...') cannot be accessed.
2025-09-22 14:15:38.397081: W external/xla/xla/service/gpu/nvptx_compiler.cc:765] The NVIDIA driver's CUDA version is 12.2 which is older than the ptxas CUDA version (12.9.86). Because the driver is older than the ptxas version, XLA is disabling parallel compilation, which may slow down compilation. You should update your NVIDIA driver or use the NVIDIA-provided CUDA forward compatibility packages.
/srv/tmp/kyle/miniconda3/envs/jax/lib/python3.9/site-packages/xarray/core/computation.py:821: RuntimeWarning: invalid value encountered in sqrt
  result_data = func(*input_data)
/srv/tmp/kyle/miniconda3/envs/jax/lib/python3.9/site-packages/ehtim/__init__.py:56: UserWarning: pkg_resources is deprecated as an API. See https://setuptools.pypa.io/en/latest/pkg_resources.html. The pkg_resources package is slated for removal as early as 2025-11-30. Refrain from using this package or pin to Setuptools<81.
  import pkg_resources
WARNING:absl:Tensorflow library not found, tensorflow.io.gfile operations will use native shim calls. GCS paths (i.e. 'gs://...') cannot be accessed.
/srv/tmp/kyle/miniconda3/envs/jax/lib/python3.9/site-packages/xarray/core/computation.py:821: RuntimeWarning: invalid value encountered in sqrt
  result_data = func(*input_data)
2025-09-22 14:15:57.668116: W external/xla/xla/service/gpu/nvptx_compiler.cc:765] The NVIDIA driver's CUDA version is 12.2 which is older than the ptxas CUDA version (12.9.86). Because the driver is older than the ptxas version, XLA is disabling parallel compilation, which may slow down compilation. You should update your NVIDIA driver or use the NVIDIA-provided CUDA forward compatibility packages.
/srv/tmp/kyle/miniconda3/envs/jax/lib/python3.9/site-packages/xarray/core/computation.py:821: RuntimeWarning: invalid value encountered in sqrt
  result_data = func(*input_data)
/srv/tmp/kyle/miniconda3/envs/jax/lib/python3.9/site-packages/xarray/core/computation.py:821: RuntimeWarning: invalid value encountered in sqrt
  result_data = func(*input_data)
WARNING:absl:The `aggregate` option is deprecated and will be ignored.
Welcome to eht-imaging! v 1.2.4 

Producing clean visibilities from movie with direct FT . . . 
Applying Jones Matrices to data . . . 
Adding thermal noise to data . . . 
Applying a priori calibration with estimated Jones matrices . . . 
Splitting Observation File into 64 times
/srv/tmp/kyle/miniconda3/envs/jax/lib/python3.9/site-packages/ehtim/__init__.py:56: UserWarning: pkg_resources is deprecated as an API. See https://setuptools.pypa.io/en/latest/pkg_resources.html. The pkg_resources package is slated for removal as early as 2025-11-30. Refrain from using this package or pin to Setuptools<81.
  import pkg_resources
WARNING:absl:Tensorflow library not found, tensorflow.io.gfile operations will use native shim calls. GCS paths (i.e. 'gs://...') cannot be accessed.
2025-09-22 14:20:44.773794: W external/xla/xla/service/gpu/nvptx_compiler.cc:765] The NVIDIA driver's CUDA version is 12.2 which is older than the ptxas CUDA version (12.9.86). Because the driver is older than the ptxas version, XLA is disabling parallel compilation, which may slow down compilation. You should update your NVIDIA driver or use the NVIDIA-provided CUDA forward compatibility packages.
/srv/tmp/kyle/miniconda3/envs/jax/lib/python3.9/site-packages/xarray/core/computation.py:821: RuntimeWarning: invalid value encountered in sqrt
  result_data = func(*input_data)
/srv/tmp/kyle/miniconda3/envs/jax/lib/python3.9/site-packages/xarray/core/computation.py:821: RuntimeWarning: invalid value encountered in sqrt
  result_data = func(*input_data)
WARNING:absl:The `aggregate` option is deprecated and will be ignored.
Welcome to eht-imaging! v 1.2.4 

Producing clean visibilities from movie with direct FT . . . 
Applying Jones Matrices to data . . . 
Adding thermal noise to data . . . 
Applying a priori calibration with estimated Jones matrices . . . 
Splitting Observation File into 64 times
/srv/tmp/kyle/miniconda3/envs/jax/lib/python3.9/site-packages/ehtim/__init__.py:56: UserWarning: pkg_resources is deprecated as an API. See https://setuptools.pypa.io/en/latest/pkg_resources.html. The pkg_resources package is slated for removal as early as 2025-11-30. Refrain from using this package or pin to Setuptools<81.
  import pkg_resources
WARNING:absl:Tensorflow library not found, tensorflow.io.gfile operations will use native shim calls. GCS paths (i.e. 'gs://...') cannot be accessed.
2025-09-22 14:23:23.760178: W external/xla/xla/service/gpu/nvptx_compiler.cc:765] The NVIDIA driver's CUDA version is 12.2 which is older than the ptxas CUDA version (12.9.86). Because the driver is older than the ptxas version, XLA is disabling parallel compilation, which may slow down compilation. You should update your NVIDIA driver or use the NVIDIA-provided CUDA forward compatibility packages.
/srv/tmp/kyle/miniconda3/envs/jax/lib/python3.9/site-packages/xarray/core/computation.py:821: RuntimeWarning: invalid value encountered in sqrt
  result_data = func(*input_data)
/srv/tmp/kyle/miniconda3/envs/jax/lib/python3.9/site-packages/xarray/core/computation.py:821: RuntimeWarning: invalid value encountered in sqrt
  result_data = func(*input_data)
WARNING:absl:The `aggregate` option is deprecated and will be ignored.
Welcome to eht-imaging! v 1.2.4 

Producing clean visibilities from movie with direct FT . . . 
Applying Jones Matrices to data . . . 
Adding thermal noise to data . . . 
Applying a priori calibration with estimated Jones matrices . . . 
Splitting Observation File into 64 times
/srv/tmp/kyle/miniconda3/envs/jax/lib/python3.9/site-packages/ehtim/__init__.py:56: UserWarning: pkg_resources is deprecated as an API. See https://setuptools.pypa.io/en/latest/pkg_resources.html. The pkg_resources package is slated for removal as early as 2025-11-30. Refrain from using this package or pin to Setuptools<81.
  import pkg_resources
WARNING:absl:The `aggregate` option is deprecated and will be ignored.
Welcome to eht-imaging! v 1.2.4 

Producing clean visibilities from movie with direct FT . . . 
Applying Jones Matrices to data . . . 
Adding thermal noise to data . . . 
Applying a priori calibration with estimated Jones matrices . . . 
Splitting Observation File into 64 times
WARNING:absl:Tensorflow library not found, tensorflow.io.gfile operations will use native shim calls. GCS paths (i.e. 'gs://...') cannot be accessed.
2025-09-22 14:44:20.134718: W external/xla/xla/service/gpu/nvptx_compiler.cc:765] The NVIDIA driver's CUDA version is 12.2 which is older than the ptxas CUDA version (12.9.86). Because the driver is older than the ptxas version, XLA is disabling parallel compilation, which may slow down compilation. You should update your NVIDIA driver or use the NVIDIA-provided CUDA forward compatibility packages.
/srv/tmp/kyle/miniconda3/envs/jax/lib/python3.9/site-packages/xarray/core/computation.py:821: RuntimeWarning: invalid value encountered in sqrt
  result_data = func(*input_data)
/srv/tmp/kyle/miniconda3/envs/jax/lib/python3.9/site-packages/ehtim/__init__.py:56: UserWarning: pkg_resources is deprecated as an API. See https://setuptools.pypa.io/en/latest/pkg_resources.html. The pkg_resources package is slated for removal as early as 2025-11-30. Refrain from using this package or pin to Setuptools<81.
  import pkg_resources
/srv/tmp/kyle/miniconda3/envs/jax/lib/python3.9/site-packages/xarray/core/computation.py:821: RuntimeWarning: invalid value encountered in sqrt
  result_data = func(*input_data)
WARNING:absl:Tensorflow library not found, tensorflow.io.gfile operations will use native shim calls. GCS paths (i.e. 'gs://...') cannot be accessed.
2025-09-22 14:44:44.227792: W external/xla/xla/service/gpu/nvptx_compiler.cc:765] The NVIDIA driver's CUDA version is 12.2 which is older than the ptxas CUDA version (12.9.86). Because the driver is older than the ptxas version, XLA is disabling parallel compilation, which may slow down compilation. You should update your NVIDIA driver or use the NVIDIA-provided CUDA forward compatibility packages.
/srv/tmp/kyle/miniconda3/envs/jax/lib/python3.9/site-packages/xarray/core/computation.py:821: RuntimeWarning: invalid value encountered in sqrt
  result_data = func(*input_data)
/srv/tmp/kyle/miniconda3/envs/jax/lib/python3.9/site-packages/xarray/core/computation.py:821: RuntimeWarning: invalid value encountered in sqrt
  result_data = func(*input_data)
WARNING:absl:The `aggregate` option is deprecated and will be ignored.
Welcome to eht-imaging! v 1.2.4 

Producing clean visibilities from movie with direct FT . . . 
Applying Jones Matrices to data . . . 
Adding thermal noise to data . . . 
Applying a priori calibration with estimated Jones matrices . . . 
Splitting Observation File into 64 times
/srv/tmp/kyle/miniconda3/envs/jax/lib/python3.9/site-packages/ehtim/__init__.py:56: UserWarning: pkg_resources is deprecated as an API. See https://setuptools.pypa.io/en/latest/pkg_resources.html. The pkg_resources package is slated for removal as early as 2025-11-30. Refrain from using this package or pin to Setuptools<81.
  import pkg_resources
WARNING:absl:Tensorflow library not found, tensorflow.io.gfile operations will use native shim calls. GCS paths (i.e. 'gs://...') cannot be accessed.
2025-09-22 14:49:31.803974: W external/xla/xla/service/gpu/nvptx_compiler.cc:765] The NVIDIA driver's CUDA version is 12.2 which is older than the ptxas CUDA version (12.9.86). Because the driver is older than the ptxas version, XLA is disabling parallel compilation, which may slow down compilation. You should update your NVIDIA driver or use the NVIDIA-provided CUDA forward compatibility packages.
/srv/tmp/kyle/miniconda3/envs/jax/lib/python3.9/site-packages/xarray/core/computation.py:821: RuntimeWarning: invalid value encountered in sqrt
  result_data = func(*input_data)
/srv/tmp/kyle/miniconda3/envs/jax/lib/python3.9/site-packages/xarray/core/computation.py:821: RuntimeWarning: invalid value encountered in sqrt
  result_data = func(*input_data)
WARNING:absl:The `aggregate` option is deprecated and will be ignored.
Welcome to eht-imaging! v 1.2.4 

Producing clean visibilities from movie with direct FT . . . 
Applying Jones Matrices to data . . . 
Adding thermal noise to data . . . 
Applying a priori calibration with estimated Jones matrices . . . 
Splitting Observation File into 64 times
/srv/tmp/kyle/miniconda3/envs/jax/lib/python3.9/site-packages/ehtim/__init__.py:56: UserWarning: pkg_resources is deprecated as an API. See https://setuptools.pypa.io/en/latest/pkg_resources.html. The pkg_resources package is slated for removal as early as 2025-11-30. Refrain from using this package or pin to Setuptools<81.
  import pkg_resources
WARNING:absl:Tensorflow library not found, tensorflow.io.gfile operations will use native shim calls. GCS paths (i.e. 'gs://...') cannot be accessed.
2025-09-22 15:05:30.457030: W external/xla/xla/service/gpu/nvptx_compiler.cc:765] The NVIDIA driver's CUDA version is 12.2 which is older than the ptxas CUDA version (12.9.86). Because the driver is older than the ptxas version, XLA is disabling parallel compilation, which may slow down compilation. You should update your NVIDIA driver or use the NVIDIA-provided CUDA forward compatibility packages.
/srv/tmp/kyle/miniconda3/envs/jax/lib/python3.9/site-packages/xarray/core/computation.py:821: RuntimeWarning: invalid value encountered in sqrt
  result_data = func(*input_data)
/srv/tmp/kyle/miniconda3/envs/jax/lib/python3.9/site-packages/xarray/core/computation.py:821: RuntimeWarning: invalid value encountered in sqrt
  result_data = func(*input_data)
WARNING:absl:The `aggregate` option is deprecated and will be ignored.
Welcome to eht-imaging! v 1.2.4 

Producing clean visibilities from movie with direct FT . . . 
Applying Jones Matrices to data . . . 
Adding thermal noise to data . . . 
Applying a priori calibration with estimated Jones matrices . . . 
Splitting Observation File into 64 times
WARNING:absl:The `aggregate` option is deprecated and will be ignored.
Welcome to eht-imaging! v 1.2.4 

Producing clean visibilities from movie with direct FT . . . 
Applying Jones Matrices to data . . . 
Adding thermal noise to data . . . 
Applying a priori calibration with estimated Jones matrices . . . 
Splitting Observation File into 64 times
/srv/tmp/kyle/miniconda3/envs/jax/lib/python3.9/site-packages/ehtim/__init__.py:56: UserWarning: pkg_resources is deprecated as an API. See https://setuptools.pypa.io/en/latest/pkg_resources.html. The pkg_resources package is slated for removal as early as 2025-11-30. Refrain from using this package or pin to Setuptools<81.
  import pkg_resources
WARNING:absl:Tensorflow library not found, tensorflow.io.gfile operations will use native shim calls. GCS paths (i.e. 'gs://...') cannot be accessed.
2025-09-22 15:13:55.950400: W external/xla/xla/service/gpu/nvptx_compiler.cc:765] The NVIDIA driver's CUDA version is 12.2 which is older than the ptxas CUDA version (12.9.86). Because the driver is older than the ptxas version, XLA is disabling parallel compilation, which may slow down compilation. You should update your NVIDIA driver or use the NVIDIA-provided CUDA forward compatibility packages.
/srv/tmp/kyle/miniconda3/envs/jax/lib/python3.9/site-packages/xarray/core/computation.py:821: RuntimeWarning: invalid value encountered in sqrt
  result_data = func(*input_data)
/srv/tmp/kyle/miniconda3/envs/jax/lib/python3.9/site-packages/ehtim/__init__.py:56: UserWarning: pkg_resources is deprecated as an API. See https://setuptools.pypa.io/en/latest/pkg_resources.html. The pkg_resources package is slated for removal as early as 2025-11-30. Refrain from using this package or pin to Setuptools<81.
  import pkg_resources
WARNING:absl:Tensorflow library not found, tensorflow.io.gfile operations will use native shim calls. GCS paths (i.e. 'gs://...') cannot be accessed.
/srv/tmp/kyle/miniconda3/envs/jax/lib/python3.9/site-packages/xarray/core/computation.py:821: RuntimeWarning: invalid value encountered in sqrt
  result_data = func(*input_data)
2025-09-22 15:14:14.308705: W external/xla/xla/service/gpu/nvptx_compiler.cc:765] The NVIDIA driver's CUDA version is 12.2 which is older than the ptxas CUDA version (12.9.86). Because the driver is older than the ptxas version, XLA is disabling parallel compilation, which may slow down compilation. You should update your NVIDIA driver or use the NVIDIA-provided CUDA forward compatibility packages.
/srv/tmp/kyle/miniconda3/envs/jax/lib/python3.9/site-packages/xarray/core/computation.py:821: RuntimeWarning: invalid value encountered in sqrt
  result_data = func(*input_data)
/srv/tmp/kyle/miniconda3/envs/jax/lib/python3.9/site-packages/xarray/core/computation.py:821: RuntimeWarning: invalid value encountered in sqrt
  result_data = func(*input_data)
WARNING:absl:The `aggregate` option is deprecated and will be ignored.
Welcome to eht-imaging! v 1.2.4 

Producing clean visibilities from movie with direct FT . . . 
Applying Jones Matrices to data . . . 
Adding thermal noise to data . . . 
Applying a priori calibration with estimated Jones matrices . . . 
Splitting Observation File into 64 times
/srv/tmp/kyle/miniconda3/envs/jax/lib/python3.9/site-packages/ehtim/__init__.py:56: UserWarning: pkg_resources is deprecated as an API. See https://setuptools.pypa.io/en/latest/pkg_resources.html. The pkg_resources package is slated for removal as early as 2025-11-30. Refrain from using this package or pin to Setuptools<81.
  import pkg_resources
WARNING:absl:Tensorflow library not found, tensorflow.io.gfile operations will use native shim calls. GCS paths (i.e. 'gs://...') cannot be accessed.
2025-09-22 15:19:12.863728: W external/xla/xla/service/gpu/nvptx_compiler.cc:765] The NVIDIA driver's CUDA version is 12.2 which is older than the ptxas CUDA version (12.9.86). Because the driver is older than the ptxas version, XLA is disabling parallel compilation, which may slow down compilation. You should update your NVIDIA driver or use the NVIDIA-provided CUDA forward compatibility packages.
/srv/tmp/kyle/miniconda3/envs/jax/lib/python3.9/site-packages/xarray/core/computation.py:821: RuntimeWarning: invalid value encountered in sqrt
  result_data = func(*input_data)
/srv/tmp/kyle/miniconda3/envs/jax/lib/python3.9/site-packages/xarray/core/computation.py:821: RuntimeWarning: invalid value encountered in sqrt
  result_data = func(*input_data)
WARNING:absl:The `aggregate` option is deprecated and will be ignored.
Welcome to eht-imaging! v 1.2.4 

Producing clean visibilities from movie with direct FT . . . 
Applying Jones Matrices to data . . . 
Adding thermal noise to data . . . 
Applying a priori calibration with estimated Jones matrices . . . 
Splitting Observation File into 64 times
/srv/tmp/kyle/miniconda3/envs/jax/lib/python3.9/site-packages/ehtim/__init__.py:56: UserWarning: pkg_resources is deprecated as an API. See https://setuptools.pypa.io/en/latest/pkg_resources.html. The pkg_resources package is slated for removal as early as 2025-11-30. Refrain from using this package or pin to Setuptools<81.
  import pkg_resources
WARNING:absl:Tensorflow library not found, tensorflow.io.gfile operations will use native shim calls. GCS paths (i.e. 'gs://...') cannot be accessed.
2025-09-22 15:35:38.737960: W external/xla/xla/service/gpu/nvptx_compiler.cc:765] The NVIDIA driver's CUDA version is 12.2 which is older than the ptxas CUDA version (12.9.86). Because the driver is older than the ptxas version, XLA is disabling parallel compilation, which may slow down compilation. You should update your NVIDIA driver or use the NVIDIA-provided CUDA forward compatibility packages.
/srv/tmp/kyle/miniconda3/envs/jax/lib/python3.9/site-packages/xarray/core/computation.py:821: RuntimeWarning: invalid value encountered in sqrt
  result_data = func(*input_data)
/srv/tmp/kyle/miniconda3/envs/jax/lib/python3.9/site-packages/xarray/core/computation.py:821: RuntimeWarning: invalid value encountered in sqrt
  result_data = func(*input_data)
WARNING:absl:The `aggregate` option is deprecated and will be ignored.
Welcome to eht-imaging! v 1.2.4 

Producing clean visibilities from movie with direct FT . . . 
Applying Jones Matrices to data . . . 
Adding thermal noise to data . . . 
Applying a priori calibration with estimated Jones matrices . . . 
Splitting Observation File into 64 times
WARNING:absl:The `aggregate` option is deprecated and will be ignored.
Welcome to eht-imaging! v 1.2.4 

Producing clean visibilities from movie with direct FT . . . 
Applying Jones Matrices to data . . . 
Adding thermal noise to data . . . 
Applying a priori calibration with estimated Jones matrices . . . 
Splitting Observation File into 64 times
/srv/tmp/kyle/miniconda3/envs/jax/lib/python3.9/site-packages/ehtim/__init__.py:56: UserWarning: pkg_resources is deprecated as an API. See https://setuptools.pypa.io/en/latest/pkg_resources.html. The pkg_resources package is slated for removal as early as 2025-11-30. Refrain from using this package or pin to Setuptools<81.
  import pkg_resources
WARNING:absl:Tensorflow library not found, tensorflow.io.gfile operations will use native shim calls. GCS paths (i.e. 'gs://...') cannot be accessed.
2025-09-22 15:43:39.682636: W external/xla/xla/service/gpu/nvptx_compiler.cc:765] The NVIDIA driver's CUDA version is 12.2 which is older than the ptxas CUDA version (12.9.86). Because the driver is older than the ptxas version, XLA is disabling parallel compilation, which may slow down compilation. You should update your NVIDIA driver or use the NVIDIA-provided CUDA forward compatibility packages.
/srv/tmp/kyle/miniconda3/envs/jax/lib/python3.9/site-packages/xarray/core/computation.py:821: RuntimeWarning: invalid value encountered in sqrt
  result_data = func(*input_data)
/srv/tmp/kyle/miniconda3/envs/jax/lib/python3.9/site-packages/ehtim/__init__.py:56: UserWarning: pkg_resources is deprecated as an API. See https://setuptools.pypa.io/en/latest/pkg_resources.html. The pkg_resources package is slated for removal as early as 2025-11-30. Refrain from using this package or pin to Setuptools<81.
  import pkg_resources
/srv/tmp/kyle/miniconda3/envs/jax/lib/python3.9/site-packages/xarray/core/computation.py:821: RuntimeWarning: invalid value encountered in sqrt
  result_data = func(*input_data)
WARNING:absl:Tensorflow library not found, tensorflow.io.gfile operations will use native shim calls. GCS paths (i.e. 'gs://...') cannot be accessed.
2025-09-22 15:44:03.096400: W external/xla/xla/service/gpu/nvptx_compiler.cc:765] The NVIDIA driver's CUDA version is 12.2 which is older than the ptxas CUDA version (12.9.86). Because the driver is older than the ptxas version, XLA is disabling parallel compilation, which may slow down compilation. You should update your NVIDIA driver or use the NVIDIA-provided CUDA forward compatibility packages.
/srv/tmp/kyle/miniconda3/envs/jax/lib/python3.9/site-packages/xarray/core/computation.py:821: RuntimeWarning: invalid value encountered in sqrt
  result_data = func(*input_data)
/srv/tmp/kyle/miniconda3/envs/jax/lib/python3.9/site-packages/xarray/core/computation.py:821: RuntimeWarning: invalid value encountered in sqrt
  result_data = func(*input_data)
WARNING:absl:The `aggregate` option is deprecated and will be ignored.
Welcome to eht-imaging! v 1.2.4 

Producing clean visibilities from movie with direct FT . . . 
Applying Jones Matrices to data . . . 
Adding thermal noise to data . . . 
Applying a priori calibration with estimated Jones matrices . . . 
Splitting Observation File into 64 times
/srv/tmp/kyle/miniconda3/envs/jax/lib/python3.9/site-packages/ehtim/__init__.py:56: UserWarning: pkg_resources is deprecated as an API. See https://setuptools.pypa.io/en/latest/pkg_resources.html. The pkg_resources package is slated for removal as early as 2025-11-30. Refrain from using this package or pin to Setuptools<81.
  import pkg_resources
WARNING:absl:Tensorflow library not found, tensorflow.io.gfile operations will use native shim calls. GCS paths (i.e. 'gs://...') cannot be accessed.
2025-09-22 15:48:59.268798: W external/xla/xla/service/gpu/nvptx_compiler.cc:765] The NVIDIA driver's CUDA version is 12.2 which is older than the ptxas CUDA version (12.9.86). Because the driver is older than the ptxas version, XLA is disabling parallel compilation, which may slow down compilation. You should update your NVIDIA driver or use the NVIDIA-provided CUDA forward compatibility packages.
/srv/tmp/kyle/miniconda3/envs/jax/lib/python3.9/site-packages/xarray/core/computation.py:821: RuntimeWarning: invalid value encountered in sqrt
  result_data = func(*input_data)
/srv/tmp/kyle/miniconda3/envs/jax/lib/python3.9/site-packages/xarray/core/computation.py:821: RuntimeWarning: invalid value encountered in sqrt
  result_data = func(*input_data)
WARNING:absl:The `aggregate` option is deprecated and will be ignored.
Welcome to eht-imaging! v 1.2.4 

Producing clean visibilities from movie with direct FT . . . 
Applying Jones Matrices to data . . . 
Adding thermal noise to data . . . 
Applying a priori calibration with estimated Jones matrices . . . 
Splitting Observation File into 64 times
/srv/tmp/kyle/miniconda3/envs/jax/lib/python3.9/site-packages/ehtim/__init__.py:56: UserWarning: pkg_resources is deprecated as an API. See https://setuptools.pypa.io/en/latest/pkg_resources.html. The pkg_resources package is slated for removal as early as 2025-11-30. Refrain from using this package or pin to Setuptools<81.
  import pkg_resources
WARNING:absl:Tensorflow library not found, tensorflow.io.gfile operations will use native shim calls. GCS paths (i.e. 'gs://...') cannot be accessed.
2025-09-22 16:05:11.968118: W external/xla/xla/service/gpu/nvptx_compiler.cc:765] The NVIDIA driver's CUDA version is 12.2 which is older than the ptxas CUDA version (12.9.86). Because the driver is older than the ptxas version, XLA is disabling parallel compilation, which may slow down compilation. You should update your NVIDIA driver or use the NVIDIA-provided CUDA forward compatibility packages.
/srv/tmp/kyle/miniconda3/envs/jax/lib/python3.9/site-packages/xarray/core/computation.py:821: RuntimeWarning: invalid value encountered in sqrt
  result_data = func(*input_data)
/srv/tmp/kyle/miniconda3/envs/jax/lib/python3.9/site-packages/xarray/core/computation.py:821: RuntimeWarning: invalid value encountered in sqrt
  result_data = func(*input_data)
WARNING:absl:The `aggregate` option is deprecated and will be ignored.
Welcome to eht-imaging! v 1.2.4 

Producing clean visibilities from movie with direct FT . . . 
Applying Jones Matrices to data . . . 
Adding thermal noise to data . . . 
Applying a priori calibration with estimated Jones matrices . . . 
Splitting Observation File into 64 times
/srv/tmp/kyle/miniconda3/envs/jax/lib/python3.9/site-packages/ehtim/__init__.py:56: UserWarning: pkg_resources is deprecated as an API. See https://setuptools.pypa.io/en/latest/pkg_resources.html. The pkg_resources package is slated for removal as early as 2025-11-30. Refrain from using this package or pin to Setuptools<81.
  import pkg_resources
WARNING:absl:The `aggregate` option is deprecated and will be ignored.
WARNING:absl:Tensorflow library not found, tensorflow.io.gfile operations will use native shim calls. GCS paths (i.e. 'gs://...') cannot be accessed.
Welcome to eht-imaging! v 1.2.4 

Producing clean visibilities from movie with direct FT . . . 
Applying Jones Matrices to data . . . 
Adding thermal noise to data . . . 
Applying a priori calibration with estimated Jones matrices . . . 
Splitting Observation File into 64 times
2025-09-22 16:13:03.722785: W external/xla/xla/service/gpu/nvptx_compiler.cc:765] The NVIDIA driver's CUDA version is 12.2 which is older than the ptxas CUDA version (12.9.86). Because the driver is older than the ptxas version, XLA is disabling parallel compilation, which may slow down compilation. You should update your NVIDIA driver or use the NVIDIA-provided CUDA forward compatibility packages.
/srv/tmp/kyle/miniconda3/envs/jax/lib/python3.9/site-packages/xarray/core/computation.py:821: RuntimeWarning: invalid value encountered in sqrt
  result_data = func(*input_data)
/srv/tmp/kyle/miniconda3/envs/jax/lib/python3.9/site-packages/xarray/core/computation.py:821: RuntimeWarning: invalid value encountered in sqrt
  result_data = func(*input_data)
/srv/tmp/kyle/miniconda3/envs/jax/lib/python3.9/site-packages/ehtim/__init__.py:56: UserWarning: pkg_resources is deprecated as an API. See https://setuptools.pypa.io/en/latest/pkg_resources.html. The pkg_resources package is slated for removal as early as 2025-11-30. Refrain from using this package or pin to Setuptools<81.
  import pkg_resources
WARNING:absl:Tensorflow library not found, tensorflow.io.gfile operations will use native shim calls. GCS paths (i.e. 'gs://...') cannot be accessed.
2025-09-22 16:13:31.126504: W external/xla/xla/service/gpu/nvptx_compiler.cc:765] The NVIDIA driver's CUDA version is 12.2 which is older than the ptxas CUDA version (12.9.86). Because the driver is older than the ptxas version, XLA is disabling parallel compilation, which may slow down compilation. You should update your NVIDIA driver or use the NVIDIA-provided CUDA forward compatibility packages.
/srv/tmp/kyle/miniconda3/envs/jax/lib/python3.9/site-packages/xarray/core/computation.py:821: RuntimeWarning: invalid value encountered in sqrt
  result_data = func(*input_data)
/srv/tmp/kyle/miniconda3/envs/jax/lib/python3.9/site-packages/xarray/core/computation.py:821: RuntimeWarning: invalid value encountered in sqrt
  result_data = func(*input_data)
WARNING:absl:The `aggregate` option is deprecated and will be ignored.
Welcome to eht-imaging! v 1.2.4 

Producing clean visibilities from movie with direct FT . . . 
Applying Jones Matrices to data . . . 
Adding thermal noise to data . . . 
Applying a priori calibration with estimated Jones matrices . . . 
Splitting Observation File into 64 times
/srv/tmp/kyle/miniconda3/envs/jax/lib/python3.9/site-packages/ehtim/__init__.py:56: UserWarning: pkg_resources is deprecated as an API. See https://setuptools.pypa.io/en/latest/pkg_resources.html. The pkg_resources package is slated for removal as early as 2025-11-30. Refrain from using this package or pin to Setuptools<81.
  import pkg_resources
WARNING:absl:Tensorflow library not found, tensorflow.io.gfile operations will use native shim calls. GCS paths (i.e. 'gs://...') cannot be accessed.
2025-09-22 16:18:38.456840: W external/xla/xla/service/gpu/nvptx_compiler.cc:765] The NVIDIA driver's CUDA version is 12.2 which is older than the ptxas CUDA version (12.9.86). Because the driver is older than the ptxas version, XLA is disabling parallel compilation, which may slow down compilation. You should update your NVIDIA driver or use the NVIDIA-provided CUDA forward compatibility packages.
/srv/tmp/kyle/miniconda3/envs/jax/lib/python3.9/site-packages/xarray/core/computation.py:821: RuntimeWarning: invalid value encountered in sqrt
  result_data = func(*input_data)
/srv/tmp/kyle/miniconda3/envs/jax/lib/python3.9/site-packages/xarray/core/computation.py:821: RuntimeWarning: invalid value encountered in sqrt
  result_data = func(*input_data)
WARNING:absl:The `aggregate` option is deprecated and will be ignored.
Welcome to eht-imaging! v 1.2.4 

Producing clean visibilities from movie with direct FT . . . 
Applying Jones Matrices to data . . . 
Adding thermal noise to data . . . 
Applying a priori calibration with estimated Jones matrices . . . 
Splitting Observation File into 64 times
/srv/tmp/kyle/miniconda3/envs/jax/lib/python3.9/site-packages/ehtim/__init__.py:56: UserWarning: pkg_resources is deprecated as an API. See https://setuptools.pypa.io/en/latest/pkg_resources.html. The pkg_resources package is slated for removal as early as 2025-11-30. Refrain from using this package or pin to Setuptools<81.
  import pkg_resources
WARNING:absl:Tensorflow library not found, tensorflow.io.gfile operations will use native shim calls. GCS paths (i.e. 'gs://...') cannot be accessed.
2025-09-22 16:35:10.869484: W external/xla/xla/service/gpu/nvptx_compiler.cc:765] The NVIDIA driver's CUDA version is 12.2 which is older than the ptxas CUDA version (12.9.86). Because the driver is older than the ptxas version, XLA is disabling parallel compilation, which may slow down compilation. You should update your NVIDIA driver or use the NVIDIA-provided CUDA forward compatibility packages.
/srv/tmp/kyle/miniconda3/envs/jax/lib/python3.9/site-packages/xarray/core/computation.py:821: RuntimeWarning: invalid value encountered in sqrt
  result_data = func(*input_data)
/srv/tmp/kyle/miniconda3/envs/jax/lib/python3.9/site-packages/xarray/core/computation.py:821: RuntimeWarning: invalid value encountered in sqrt
  result_data = func(*input_data)
WARNING:absl:The `aggregate` option is deprecated and will be ignored.
Welcome to eht-imaging! v 1.2.4 

Producing clean visibilities from movie with direct FT . . . 
Applying Jones Matrices to data . . . 
Adding thermal noise to data . . . 
Applying a priori calibration with estimated Jones matrices . . . 
Splitting Observation File into 64 times
WARNING:absl:The `aggregate` option is deprecated and will be ignored.
Welcome to eht-imaging! v 1.2.4 

Producing clean visibilities from movie with direct FT . . . 
Applying Jones Matrices to data . . . 
Adding thermal noise to data . . . 
Applying a priori calibration with estimated Jones matrices . . . 
Splitting Observation File into 64 times
/srv/tmp/kyle/miniconda3/envs/jax/lib/python3.9/site-packages/ehtim/__init__.py:56: UserWarning: pkg_resources is deprecated as an API. See https://setuptools.pypa.io/en/latest/pkg_resources.html. The pkg_resources package is slated for removal as early as 2025-11-30. Refrain from using this package or pin to Setuptools<81.
  import pkg_resources
WARNING:absl:Tensorflow library not found, tensorflow.io.gfile operations will use native shim calls. GCS paths (i.e. 'gs://...') cannot be accessed.
2025-09-22 16:42:51.916651: W external/xla/xla/service/gpu/nvptx_compiler.cc:765] The NVIDIA driver's CUDA version is 12.2 which is older than the ptxas CUDA version (12.9.86). Because the driver is older than the ptxas version, XLA is disabling parallel compilation, which may slow down compilation. You should update your NVIDIA driver or use the NVIDIA-provided CUDA forward compatibility packages.
/srv/tmp/kyle/miniconda3/envs/jax/lib/python3.9/site-packages/xarray/core/computation.py:821: RuntimeWarning: invalid value encountered in sqrt
  result_data = func(*input_data)
/srv/tmp/kyle/miniconda3/envs/jax/lib/python3.9/site-packages/ehtim/__init__.py:56: UserWarning: pkg_resources is deprecated as an API. See https://setuptools.pypa.io/en/latest/pkg_resources.html. The pkg_resources package is slated for removal as early as 2025-11-30. Refrain from using this package or pin to Setuptools<81.
  import pkg_resources
/srv/tmp/kyle/miniconda3/envs/jax/lib/python3.9/site-packages/xarray/core/computation.py:821: RuntimeWarning: invalid value encountered in sqrt
  result_data = func(*input_data)
WARNING:absl:Tensorflow library not found, tensorflow.io.gfile operations will use native shim calls. GCS paths (i.e. 'gs://...') cannot be accessed.
2025-09-22 16:43:15.345174: W external/xla/xla/service/gpu/nvptx_compiler.cc:765] The NVIDIA driver's CUDA version is 12.2 which is older than the ptxas CUDA version (12.9.86). Because the driver is older than the ptxas version, XLA is disabling parallel compilation, which may slow down compilation. You should update your NVIDIA driver or use the NVIDIA-provided CUDA forward compatibility packages.
/srv/tmp/kyle/miniconda3/envs/jax/lib/python3.9/site-packages/xarray/core/computation.py:821: RuntimeWarning: invalid value encountered in sqrt
  result_data = func(*input_data)
/srv/tmp/kyle/miniconda3/envs/jax/lib/python3.9/site-packages/xarray/core/computation.py:821: RuntimeWarning: invalid value encountered in sqrt
  result_data = func(*input_data)
WARNING:absl:The `aggregate` option is deprecated and will be ignored.
Welcome to eht-imaging! v 1.2.4 

Producing clean visibilities from movie with direct FT . . . 
Applying Jones Matrices to data . . . 
Adding thermal noise to data . . . 
Applying a priori calibration with estimated Jones matrices . . . 
Splitting Observation File into 64 times
/srv/tmp/kyle/miniconda3/envs/jax/lib/python3.9/site-packages/ehtim/__init__.py:56: UserWarning: pkg_resources is deprecated as an API. See https://setuptools.pypa.io/en/latest/pkg_resources.html. The pkg_resources package is slated for removal as early as 2025-11-30. Refrain from using this package or pin to Setuptools<81.
  import pkg_resources
WARNING:absl:Tensorflow library not found, tensorflow.io.gfile operations will use native shim calls. GCS paths (i.e. 'gs://...') cannot be accessed.
2025-09-22 16:48:26.289231: W external/xla/xla/service/gpu/nvptx_compiler.cc:765] The NVIDIA driver's CUDA version is 12.2 which is older than the ptxas CUDA version (12.9.86). Because the driver is older than the ptxas version, XLA is disabling parallel compilation, which may slow down compilation. You should update your NVIDIA driver or use the NVIDIA-provided CUDA forward compatibility packages.
/srv/tmp/kyle/miniconda3/envs/jax/lib/python3.9/site-packages/xarray/core/computation.py:821: RuntimeWarning: invalid value encountered in sqrt
  result_data = func(*input_data)
/srv/tmp/kyle/miniconda3/envs/jax/lib/python3.9/site-packages/xarray/core/computation.py:821: RuntimeWarning: invalid value encountered in sqrt
  result_data = func(*input_data)
WARNING:absl:The `aggregate` option is deprecated and will be ignored.
Welcome to eht-imaging! v 1.2.4 

Producing clean visibilities from movie with direct FT . . . 
Applying Jones Matrices to data . . . 
Adding thermal noise to data . . . 
Applying a priori calibration with estimated Jones matrices . . . 
Splitting Observation File into 64 times
/srv/tmp/kyle/miniconda3/envs/jax/lib/python3.9/site-packages/ehtim/__init__.py:56: UserWarning: pkg_resources is deprecated as an API. See https://setuptools.pypa.io/en/latest/pkg_resources.html. The pkg_resources package is slated for removal as early as 2025-11-30. Refrain from using this package or pin to Setuptools<81.
  import pkg_resources
WARNING:absl:Tensorflow library not found, tensorflow.io.gfile operations will use native shim calls. GCS paths (i.e. 'gs://...') cannot be accessed.
2025-09-22 17:04:58.472446: W external/xla/xla/service/gpu/nvptx_compiler.cc:765] The NVIDIA driver's CUDA version is 12.2 which is older than the ptxas CUDA version (12.9.86). Because the driver is older than the ptxas version, XLA is disabling parallel compilation, which may slow down compilation. You should update your NVIDIA driver or use the NVIDIA-provided CUDA forward compatibility packages.
/srv/tmp/kyle/miniconda3/envs/jax/lib/python3.9/site-packages/xarray/core/computation.py:821: RuntimeWarning: invalid value encountered in sqrt
  result_data = func(*input_data)
/srv/tmp/kyle/miniconda3/envs/jax/lib/python3.9/site-packages/xarray/core/computation.py:821: RuntimeWarning: invalid value encountered in sqrt
  result_data = func(*input_data)
WARNING:absl:The `aggregate` option is deprecated and will be ignored.
Welcome to eht-imaging! v 1.2.4 

Producing clean visibilities from movie with direct FT . . . 
Applying Jones Matrices to data . . . 
Adding thermal noise to data . . . 
Applying a priori calibration with estimated Jones matrices . . . 
Splitting Observation File into 64 times
WARNING:absl:The `aggregate` option is deprecated and will be ignored.
Welcome to eht-imaging! v 1.2.4 

Producing clean visibilities from movie with direct FT . . . 
Applying Jones Matrices to data . . . 
Adding thermal noise to data . . . 
Applying a priori calibration with estimated Jones matrices . . . 
Splitting Observation File into 64 times
/srv/tmp/kyle/miniconda3/envs/jax/lib/python3.9/site-packages/ehtim/__init__.py:56: UserWarning: pkg_resources is deprecated as an API. See https://setuptools.pypa.io/en/latest/pkg_resources.html. The pkg_resources package is slated for removal as early as 2025-11-30. Refrain from using this package or pin to Setuptools<81.
  import pkg_resources
WARNING:absl:Tensorflow library not found, tensorflow.io.gfile operations will use native shim calls. GCS paths (i.e. 'gs://...') cannot be accessed.
2025-09-22 17:12:45.814335: W external/xla/xla/service/gpu/nvptx_compiler.cc:765] The NVIDIA driver's CUDA version is 12.2 which is older than the ptxas CUDA version (12.9.86). Because the driver is older than the ptxas version, XLA is disabling parallel compilation, which may slow down compilation. You should update your NVIDIA driver or use the NVIDIA-provided CUDA forward compatibility packages.
/srv/tmp/kyle/miniconda3/envs/jax/lib/python3.9/site-packages/xarray/core/computation.py:821: RuntimeWarning: invalid value encountered in sqrt
  result_data = func(*input_data)
/srv/tmp/kyle/miniconda3/envs/jax/lib/python3.9/site-packages/ehtim/__init__.py:56: UserWarning: pkg_resources is deprecated as an API. See https://setuptools.pypa.io/en/latest/pkg_resources.html. The pkg_resources package is slated for removal as early as 2025-11-30. Refrain from using this package or pin to Setuptools<81.
  import pkg_resources
WARNING:absl:Tensorflow library not found, tensorflow.io.gfile operations will use native shim calls. GCS paths (i.e. 'gs://...') cannot be accessed.
/srv/tmp/kyle/miniconda3/envs/jax/lib/python3.9/site-packages/xarray/core/computation.py:821: RuntimeWarning: invalid value encountered in sqrt
  result_data = func(*input_data)
2025-09-22 17:13:08.441596: W external/xla/xla/service/gpu/nvptx_compiler.cc:765] The NVIDIA driver's CUDA version is 12.2 which is older than the ptxas CUDA version (12.9.86). Because the driver is older than the ptxas version, XLA is disabling parallel compilation, which may slow down compilation. You should update your NVIDIA driver or use the NVIDIA-provided CUDA forward compatibility packages.
/srv/tmp/kyle/miniconda3/envs/jax/lib/python3.9/site-packages/xarray/core/computation.py:821: RuntimeWarning: invalid value encountered in sqrt
  result_data = func(*input_data)
/srv/tmp/kyle/miniconda3/envs/jax/lib/python3.9/site-packages/xarray/core/computation.py:821: RuntimeWarning: invalid value encountered in sqrt
  result_data = func(*input_data)
WARNING:absl:The `aggregate` option is deprecated and will be ignored.
Welcome to eht-imaging! v 1.2.4 

Producing clean visibilities from movie with direct FT . . . 
Applying Jones Matrices to data . . . 
Adding thermal noise to data . . . 
Applying a priori calibration with estimated Jones matrices . . . 
Splitting Observation File into 64 times
/srv/tmp/kyle/miniconda3/envs/jax/lib/python3.9/site-packages/ehtim/__init__.py:56: UserWarning: pkg_resources is deprecated as an API. See https://setuptools.pypa.io/en/latest/pkg_resources.html. The pkg_resources package is slated for removal as early as 2025-11-30. Refrain from using this package or pin to Setuptools<81.
  import pkg_resources
WARNING:absl:Tensorflow library not found, tensorflow.io.gfile operations will use native shim calls. GCS paths (i.e. 'gs://...') cannot be accessed.
2025-09-22 17:18:15.738100: W external/xla/xla/service/gpu/nvptx_compiler.cc:765] The NVIDIA driver's CUDA version is 12.2 which is older than the ptxas CUDA version (12.9.86). Because the driver is older than the ptxas version, XLA is disabling parallel compilation, which may slow down compilation. You should update your NVIDIA driver or use the NVIDIA-provided CUDA forward compatibility packages.
/srv/tmp/kyle/miniconda3/envs/jax/lib/python3.9/site-packages/xarray/core/computation.py:821: RuntimeWarning: invalid value encountered in sqrt
  result_data = func(*input_data)
/srv/tmp/kyle/miniconda3/envs/jax/lib/python3.9/site-packages/xarray/core/computation.py:821: RuntimeWarning: invalid value encountered in sqrt
  result_data = func(*input_data)
WARNING:absl:The `aggregate` option is deprecated and will be ignored.
Welcome to eht-imaging! v 1.2.4 

Producing clean visibilities from movie with direct FT . . . 
Applying Jones Matrices to data . . . 
Adding thermal noise to data . . . 
Applying a priori calibration with estimated Jones matrices . . . 
Splitting Observation File into 64 times
/srv/tmp/kyle/miniconda3/envs/jax/lib/python3.9/site-packages/ehtim/__init__.py:56: UserWarning: pkg_resources is deprecated as an API. See https://setuptools.pypa.io/en/latest/pkg_resources.html. The pkg_resources package is slated for removal as early as 2025-11-30. Refrain from using this package or pin to Setuptools<81.
  import pkg_resources
WARNING:absl:Tensorflow library not found, tensorflow.io.gfile operations will use native shim calls. GCS paths (i.e. 'gs://...') cannot be accessed.
2025-09-22 17:34:25.032599: W external/xla/xla/service/gpu/nvptx_compiler.cc:765] The NVIDIA driver's CUDA version is 12.2 which is older than the ptxas CUDA version (12.9.86). Because the driver is older than the ptxas version, XLA is disabling parallel compilation, which may slow down compilation. You should update your NVIDIA driver or use the NVIDIA-provided CUDA forward compatibility packages.
/srv/tmp/kyle/miniconda3/envs/jax/lib/python3.9/site-packages/xarray/core/computation.py:821: RuntimeWarning: invalid value encountered in sqrt
  result_data = func(*input_data)
/srv/tmp/kyle/miniconda3/envs/jax/lib/python3.9/site-packages/xarray/core/computation.py:821: RuntimeWarning: invalid value encountered in sqrt
  result_data = func(*input_data)
WARNING:absl:The `aggregate` option is deprecated and will be ignored.
Welcome to eht-imaging! v 1.2.4 

Producing clean visibilities from movie with direct FT . . . 
Applying Jones Matrices to data . . . 
Adding thermal noise to data . . . 
Applying a priori calibration with estimated Jones matrices . . . 
Splitting Observation File into 64 times
WARNING:absl:The `aggregate` option is deprecated and will be ignored.
Welcome to eht-imaging! v 1.2.4 

Producing clean visibilities from movie with direct FT . . . 
Applying Jones Matrices to data . . . 
Adding thermal noise to data . . . 
Applying a priori calibration with estimated Jones matrices . . . 
Splitting Observation File into 64 times
/srv/tmp/kyle/miniconda3/envs/jax/lib/python3.9/site-packages/ehtim/__init__.py:56: UserWarning: pkg_resources is deprecated as an API. See https://setuptools.pypa.io/en/latest/pkg_resources.html. The pkg_resources package is slated for removal as early as 2025-11-30. Refrain from using this package or pin to Setuptools<81.
  import pkg_resources
WARNING:absl:Tensorflow library not found, tensorflow.io.gfile operations will use native shim calls. GCS paths (i.e. 'gs://...') cannot be accessed.
2025-09-22 17:42:14.154325: W external/xla/xla/service/gpu/nvptx_compiler.cc:765] The NVIDIA driver's CUDA version is 12.2 which is older than the ptxas CUDA version (12.9.86). Because the driver is older than the ptxas version, XLA is disabling parallel compilation, which may slow down compilation. You should update your NVIDIA driver or use the NVIDIA-provided CUDA forward compatibility packages.
/srv/tmp/kyle/miniconda3/envs/jax/lib/python3.9/site-packages/xarray/core/computation.py:821: RuntimeWarning: invalid value encountered in sqrt
  result_data = func(*input_data)
/srv/tmp/kyle/miniconda3/envs/jax/lib/python3.9/site-packages/ehtim/__init__.py:56: UserWarning: pkg_resources is deprecated as an API. See https://setuptools.pypa.io/en/latest/pkg_resources.html. The pkg_resources package is slated for removal as early as 2025-11-30. Refrain from using this package or pin to Setuptools<81.
  import pkg_resources
/srv/tmp/kyle/miniconda3/envs/jax/lib/python3.9/site-packages/xarray/core/computation.py:821: RuntimeWarning: invalid value encountered in sqrt
  result_data = func(*input_data)
WARNING:absl:Tensorflow library not found, tensorflow.io.gfile operations will use native shim calls. GCS paths (i.e. 'gs://...') cannot be accessed.
2025-09-22 17:42:37.702309: W external/xla/xla/service/gpu/nvptx_compiler.cc:765] The NVIDIA driver's CUDA version is 12.2 which is older than the ptxas CUDA version (12.9.86). Because the driver is older than the ptxas version, XLA is disabling parallel compilation, which may slow down compilation. You should update your NVIDIA driver or use the NVIDIA-provided CUDA forward compatibility packages.
/srv/tmp/kyle/miniconda3/envs/jax/lib/python3.9/site-packages/xarray/core/computation.py:821: RuntimeWarning: invalid value encountered in sqrt
  result_data = func(*input_data)
/srv/tmp/kyle/miniconda3/envs/jax/lib/python3.9/site-packages/xarray/core/computation.py:821: RuntimeWarning: invalid value encountered in sqrt
  result_data = func(*input_data)
WARNING:absl:The `aggregate` option is deprecated and will be ignored.
Welcome to eht-imaging! v 1.2.4 

Producing clean visibilities from movie with direct FT . . . 
Applying Jones Matrices to data . . . 
Adding thermal noise to data . . . 
Applying a priori calibration with estimated Jones matrices . . . 
Splitting Observation File into 64 times
/srv/tmp/kyle/miniconda3/envs/jax/lib/python3.9/site-packages/ehtim/__init__.py:56: UserWarning: pkg_resources is deprecated as an API. See https://setuptools.pypa.io/en/latest/pkg_resources.html. The pkg_resources package is slated for removal as early as 2025-11-30. Refrain from using this package or pin to Setuptools<81.
  import pkg_resources
WARNING:absl:Tensorflow library not found, tensorflow.io.gfile operations will use native shim calls. GCS paths (i.e. 'gs://...') cannot be accessed.
2025-09-22 17:47:35.826524: W external/xla/xla/service/gpu/nvptx_compiler.cc:765] The NVIDIA driver's CUDA version is 12.2 which is older than the ptxas CUDA version (12.9.86). Because the driver is older than the ptxas version, XLA is disabling parallel compilation, which may slow down compilation. You should update your NVIDIA driver or use the NVIDIA-provided CUDA forward compatibility packages.
/srv/tmp/kyle/miniconda3/envs/jax/lib/python3.9/site-packages/xarray/core/computation.py:821: RuntimeWarning: invalid value encountered in sqrt
  result_data = func(*input_data)
/srv/tmp/kyle/miniconda3/envs/jax/lib/python3.9/site-packages/xarray/core/computation.py:821: RuntimeWarning: invalid value encountered in sqrt
  result_data = func(*input_data)
WARNING:absl:The `aggregate` option is deprecated and will be ignored.
Welcome to eht-imaging! v 1.2.4 

Producing clean visibilities from movie with direct FT . . . 
Applying Jones Matrices to data . . . 
Adding thermal noise to data . . . 
Applying a priori calibration with estimated Jones matrices . . . 
Splitting Observation File into 64 times
/srv/tmp/kyle/miniconda3/envs/jax/lib/python3.9/site-packages/ehtim/__init__.py:56: UserWarning: pkg_resources is deprecated as an API. See https://setuptools.pypa.io/en/latest/pkg_resources.html. The pkg_resources package is slated for removal as early as 2025-11-30. Refrain from using this package or pin to Setuptools<81.
  import pkg_resources
WARNING:absl:Tensorflow library not found, tensorflow.io.gfile operations will use native shim calls. GCS paths (i.e. 'gs://...') cannot be accessed.
2025-09-22 18:03:52.660678: W external/xla/xla/service/gpu/nvptx_compiler.cc:765] The NVIDIA driver's CUDA version is 12.2 which is older than the ptxas CUDA version (12.9.86). Because the driver is older than the ptxas version, XLA is disabling parallel compilation, which may slow down compilation. You should update your NVIDIA driver or use the NVIDIA-provided CUDA forward compatibility packages.
/srv/tmp/kyle/miniconda3/envs/jax/lib/python3.9/site-packages/xarray/core/computation.py:821: RuntimeWarning: invalid value encountered in sqrt
  result_data = func(*input_data)
/srv/tmp/kyle/miniconda3/envs/jax/lib/python3.9/site-packages/xarray/core/computation.py:821: RuntimeWarning: invalid value encountered in sqrt
  result_data = func(*input_data)
WARNING:absl:The `aggregate` option is deprecated and will be ignored.
Welcome to eht-imaging! v 1.2.4 

Producing clean visibilities from movie with direct FT . . . 
Applying Jones Matrices to data . . . 
Adding thermal noise to data . . . 
Applying a priori calibration with estimated Jones matrices . . . 
Splitting Observation File into 64 times
/srv/tmp/kyle/miniconda3/envs/jax/lib/python3.9/site-packages/ehtim/__init__.py:56: UserWarning: pkg_resources is deprecated as an API. See https://setuptools.pypa.io/en/latest/pkg_resources.html. The pkg_resources package is slated for removal as early as 2025-11-30. Refrain from using this package or pin to Setuptools<81.
  import pkg_resources
WARNING:absl:The `aggregate` option is deprecated and will be ignored.
Welcome to eht-imaging! v 1.2.4 

Producing clean visibilities from movie with direct FT . . . 
Applying Jones Matrices to data . . . 
Adding thermal noise to data . . . 
Applying a priori calibration with estimated Jones matrices . . . 
Splitting Observation File into 64 times
WARNING:absl:Tensorflow library not found, tensorflow.io.gfile operations will use native shim calls. GCS paths (i.e. 'gs://...') cannot be accessed.
2025-09-22 18:11:43.248719: W external/xla/xla/service/gpu/nvptx_compiler.cc:765] The NVIDIA driver's CUDA version is 12.2 which is older than the ptxas CUDA version (12.9.86). Because the driver is older than the ptxas version, XLA is disabling parallel compilation, which may slow down compilation. You should update your NVIDIA driver or use the NVIDIA-provided CUDA forward compatibility packages.
/srv/tmp/kyle/miniconda3/envs/jax/lib/python3.9/site-packages/xarray/core/computation.py:821: RuntimeWarning: invalid value encountered in sqrt
  result_data = func(*input_data)
/srv/tmp/kyle/miniconda3/envs/jax/lib/python3.9/site-packages/xarray/core/computation.py:821: RuntimeWarning: invalid value encountered in sqrt
  result_data = func(*input_data)
/srv/tmp/kyle/miniconda3/envs/jax/lib/python3.9/site-packages/ehtim/__init__.py:56: UserWarning: pkg_resources is deprecated as an API. See https://setuptools.pypa.io/en/latest/pkg_resources.html. The pkg_resources package is slated for removal as early as 2025-11-30. Refrain from using this package or pin to Setuptools<81.
  import pkg_resources
WARNING:absl:Tensorflow library not found, tensorflow.io.gfile operations will use native shim calls. GCS paths (i.e. 'gs://...') cannot be accessed.
2025-09-22 18:12:10.884541: W external/xla/xla/service/gpu/nvptx_compiler.cc:765] The NVIDIA driver's CUDA version is 12.2 which is older than the ptxas CUDA version (12.9.86). Because the driver is older than the ptxas version, XLA is disabling parallel compilation, which may slow down compilation. You should update your NVIDIA driver or use the NVIDIA-provided CUDA forward compatibility packages.
/srv/tmp/kyle/miniconda3/envs/jax/lib/python3.9/site-packages/xarray/core/computation.py:821: RuntimeWarning: invalid value encountered in sqrt
  result_data = func(*input_data)
/srv/tmp/kyle/miniconda3/envs/jax/lib/python3.9/site-packages/xarray/core/computation.py:821: RuntimeWarning: invalid value encountered in sqrt
  result_data = func(*input_data)
WARNING:absl:The `aggregate` option is deprecated and will be ignored.
Welcome to eht-imaging! v 1.2.4 

Producing clean visibilities from movie with direct FT . . . 
Applying Jones Matrices to data . . . 
Adding thermal noise to data . . . 
Applying a priori calibration with estimated Jones matrices . . . 
Splitting Observation File into 64 times
/srv/tmp/kyle/miniconda3/envs/jax/lib/python3.9/site-packages/ehtim/__init__.py:56: UserWarning: pkg_resources is deprecated as an API. See https://setuptools.pypa.io/en/latest/pkg_resources.html. The pkg_resources package is slated for removal as early as 2025-11-30. Refrain from using this package or pin to Setuptools<81.
  import pkg_resources
WARNING:absl:Tensorflow library not found, tensorflow.io.gfile operations will use native shim calls. GCS paths (i.e. 'gs://...') cannot be accessed.
2025-09-22 18:17:08.354409: W external/xla/xla/service/gpu/nvptx_compiler.cc:765] The NVIDIA driver's CUDA version is 12.2 which is older than the ptxas CUDA version (12.9.86). Because the driver is older than the ptxas version, XLA is disabling parallel compilation, which may slow down compilation. You should update your NVIDIA driver or use the NVIDIA-provided CUDA forward compatibility packages.
/srv/tmp/kyle/miniconda3/envs/jax/lib/python3.9/site-packages/xarray/core/computation.py:821: RuntimeWarning: invalid value encountered in sqrt
  result_data = func(*input_data)
/srv/tmp/kyle/miniconda3/envs/jax/lib/python3.9/site-packages/xarray/core/computation.py:821: RuntimeWarning: invalid value encountered in sqrt
  result_data = func(*input_data)
WARNING:absl:The `aggregate` option is deprecated and will be ignored.
Welcome to eht-imaging! v 1.2.4 

Producing clean visibilities from movie with direct FT . . . 
Applying Jones Matrices to data . . . 
Adding thermal noise to data . . . 
Applying a priori calibration with estimated Jones matrices . . . 
Splitting Observation File into 64 times
/srv/tmp/kyle/miniconda3/envs/jax/lib/python3.9/site-packages/ehtim/__init__.py:56: UserWarning: pkg_resources is deprecated as an API. See https://setuptools.pypa.io/en/latest/pkg_resources.html. The pkg_resources package is slated for removal as early as 2025-11-30. Refrain from using this package or pin to Setuptools<81.
  import pkg_resources
WARNING:absl:Tensorflow library not found, tensorflow.io.gfile operations will use native shim calls. GCS paths (i.e. 'gs://...') cannot be accessed.
2025-09-22 18:33:20.859417: W external/xla/xla/service/gpu/nvptx_compiler.cc:765] The NVIDIA driver's CUDA version is 12.2 which is older than the ptxas CUDA version (12.9.86). Because the driver is older than the ptxas version, XLA is disabling parallel compilation, which may slow down compilation. You should update your NVIDIA driver or use the NVIDIA-provided CUDA forward compatibility packages.
/srv/tmp/kyle/miniconda3/envs/jax/lib/python3.9/site-packages/xarray/core/computation.py:821: RuntimeWarning: invalid value encountered in sqrt
  result_data = func(*input_data)
/srv/tmp/kyle/miniconda3/envs/jax/lib/python3.9/site-packages/xarray/core/computation.py:821: RuntimeWarning: invalid value encountered in sqrt
  result_data = func(*input_data)
WARNING:absl:The `aggregate` option is deprecated and will be ignored.
Welcome to eht-imaging! v 1.2.4 

Producing clean visibilities from movie with direct FT . . . 
Applying Jones Matrices to data . . . 
Adding thermal noise to data . . . 
Applying a priori calibration with estimated Jones matrices . . . 
Splitting Observation File into 64 times
/srv/tmp/kyle/miniconda3/envs/jax/lib/python3.9/site-packages/ehtim/__init__.py:56: UserWarning: pkg_resources is deprecated as an API. See https://setuptools.pypa.io/en/latest/pkg_resources.html. The pkg_resources package is slated for removal as early as 2025-11-30. Refrain from using this package or pin to Setuptools<81.
  import pkg_resources
WARNING:absl:Tensorflow library not found, tensorflow.io.gfile operations will use native shim calls. GCS paths (i.e. 'gs://...') cannot be accessed.
WARNING:absl:The `aggregate` option is deprecated and will be ignored.
Welcome to eht-imaging! v 1.2.4 

Producing clean visibilities from movie with direct FT . . . 
Applying Jones Matrices to data . . . 
Adding thermal noise to data . . . 
Applying a priori calibration with estimated Jones matrices . . . 
Splitting Observation File into 64 times
2025-09-22 18:41:09.472347: W external/xla/xla/service/gpu/nvptx_compiler.cc:765] The NVIDIA driver's CUDA version is 12.2 which is older than the ptxas CUDA version (12.9.86). Because the driver is older than the ptxas version, XLA is disabling parallel compilation, which may slow down compilation. You should update your NVIDIA driver or use the NVIDIA-provided CUDA forward compatibility packages.
/srv/tmp/kyle/miniconda3/envs/jax/lib/python3.9/site-packages/xarray/core/computation.py:821: RuntimeWarning: invalid value encountered in sqrt
  result_data = func(*input_data)
/srv/tmp/kyle/miniconda3/envs/jax/lib/python3.9/site-packages/ehtim/__init__.py:56: UserWarning: pkg_resources is deprecated as an API. See https://setuptools.pypa.io/en/latest/pkg_resources.html. The pkg_resources package is slated for removal as early as 2025-11-30. Refrain from using this package or pin to Setuptools<81.
  import pkg_resources
/srv/tmp/kyle/miniconda3/envs/jax/lib/python3.9/site-packages/xarray/core/computation.py:821: RuntimeWarning: invalid value encountered in sqrt
  result_data = func(*input_data)
WARNING:absl:Tensorflow library not found, tensorflow.io.gfile operations will use native shim calls. GCS paths (i.e. 'gs://...') cannot be accessed.
2025-09-22 18:41:38.048897: W external/xla/xla/service/gpu/nvptx_compiler.cc:765] The NVIDIA driver's CUDA version is 12.2 which is older than the ptxas CUDA version (12.9.86). Because the driver is older than the ptxas version, XLA is disabling parallel compilation, which may slow down compilation. You should update your NVIDIA driver or use the NVIDIA-provided CUDA forward compatibility packages.
/srv/tmp/kyle/miniconda3/envs/jax/lib/python3.9/site-packages/xarray/core/computation.py:821: RuntimeWarning: invalid value encountered in sqrt
  result_data = func(*input_data)
/srv/tmp/kyle/miniconda3/envs/jax/lib/python3.9/site-packages/xarray/core/computation.py:821: RuntimeWarning: invalid value encountered in sqrt
  result_data = func(*input_data)
WARNING:absl:The `aggregate` option is deprecated and will be ignored.
Welcome to eht-imaging! v 1.2.4 

Producing clean visibilities from movie with direct FT . . . 
Applying Jones Matrices to data . . . 
Adding thermal noise to data . . . 
Applying a priori calibration with estimated Jones matrices . . . 
Splitting Observation File into 64 times
/srv/tmp/kyle/miniconda3/envs/jax/lib/python3.9/site-packages/ehtim/__init__.py:56: UserWarning: pkg_resources is deprecated as an API. See https://setuptools.pypa.io/en/latest/pkg_resources.html. The pkg_resources package is slated for removal as early as 2025-11-30. Refrain from using this package or pin to Setuptools<81.
  import pkg_resources
WARNING:absl:Tensorflow library not found, tensorflow.io.gfile operations will use native shim calls. GCS paths (i.e. 'gs://...') cannot be accessed.
2025-09-22 18:46:35.493381: W external/xla/xla/service/gpu/nvptx_compiler.cc:765] The NVIDIA driver's CUDA version is 12.2 which is older than the ptxas CUDA version (12.9.86). Because the driver is older than the ptxas version, XLA is disabling parallel compilation, which may slow down compilation. You should update your NVIDIA driver or use the NVIDIA-provided CUDA forward compatibility packages.
/srv/tmp/kyle/miniconda3/envs/jax/lib/python3.9/site-packages/xarray/core/computation.py:821: RuntimeWarning: invalid value encountered in sqrt
  result_data = func(*input_data)
/srv/tmp/kyle/miniconda3/envs/jax/lib/python3.9/site-packages/xarray/core/computation.py:821: RuntimeWarning: invalid value encountered in sqrt
  result_data = func(*input_data)
WARNING:absl:The `aggregate` option is deprecated and will be ignored.
Welcome to eht-imaging! v 1.2.4 

Producing clean visibilities from movie with direct FT . . . 
Applying Jones Matrices to data . . . 
Adding thermal noise to data . . . 
Applying a priori calibration with estimated Jones matrices . . . 
Splitting Observation File into 64 times
/srv/tmp/kyle/miniconda3/envs/jax/lib/python3.9/site-packages/ehtim/__init__.py:56: UserWarning: pkg_resources is deprecated as an API. See https://setuptools.pypa.io/en/latest/pkg_resources.html. The pkg_resources package is slated for removal as early as 2025-11-30. Refrain from using this package or pin to Setuptools<81.
  import pkg_resources
WARNING:absl:Tensorflow library not found, tensorflow.io.gfile operations will use native shim calls. GCS paths (i.e. 'gs://...') cannot be accessed.
2025-09-22 19:03:04.789284: W external/xla/xla/service/gpu/nvptx_compiler.cc:765] The NVIDIA driver's CUDA version is 12.2 which is older than the ptxas CUDA version (12.9.86). Because the driver is older than the ptxas version, XLA is disabling parallel compilation, which may slow down compilation. You should update your NVIDIA driver or use the NVIDIA-provided CUDA forward compatibility packages.
/srv/tmp/kyle/miniconda3/envs/jax/lib/python3.9/site-packages/xarray/core/computation.py:821: RuntimeWarning: invalid value encountered in sqrt
  result_data = func(*input_data)
/srv/tmp/kyle/miniconda3/envs/jax/lib/python3.9/site-packages/xarray/core/computation.py:821: RuntimeWarning: invalid value encountered in sqrt
  result_data = func(*input_data)
WARNING:absl:The `aggregate` option is deprecated and will be ignored.
Welcome to eht-imaging! v 1.2.4 

Producing clean visibilities from movie with direct FT . . . 
Applying Jones Matrices to data . . . 
Adding thermal noise to data . . . 
Applying a priori calibration with estimated Jones matrices . . . 
Splitting Observation File into 64 times
WARNING:absl:The `aggregate` option is deprecated and will be ignored.
Welcome to eht-imaging! v 1.2.4 

Producing clean visibilities from movie with direct FT . . . 
Applying Jones Matrices to data . . . 
Adding thermal noise to data . . . 
Applying a priori calibration with estimated Jones matrices . . . 
Splitting Observation File into 64 times
/srv/tmp/kyle/miniconda3/envs/jax/lib/python3.9/site-packages/ehtim/__init__.py:56: UserWarning: pkg_resources is deprecated as an API. See https://setuptools.pypa.io/en/latest/pkg_resources.html. The pkg_resources package is slated for removal as early as 2025-11-30. Refrain from using this package or pin to Setuptools<81.
  import pkg_resources
WARNING:absl:Tensorflow library not found, tensorflow.io.gfile operations will use native shim calls. GCS paths (i.e. 'gs://...') cannot be accessed.
2025-09-22 19:11:19.395298: W external/xla/xla/service/gpu/nvptx_compiler.cc:765] The NVIDIA driver's CUDA version is 12.2 which is older than the ptxas CUDA version (12.9.86). Because the driver is older than the ptxas version, XLA is disabling parallel compilation, which may slow down compilation. You should update your NVIDIA driver or use the NVIDIA-provided CUDA forward compatibility packages.
/srv/tmp/kyle/miniconda3/envs/jax/lib/python3.9/site-packages/ehtim/__init__.py:56: UserWarning: pkg_resources is deprecated as an API. See https://setuptools.pypa.io/en/latest/pkg_resources.html. The pkg_resources package is slated for removal as early as 2025-11-30. Refrain from using this package or pin to Setuptools<81.
  import pkg_resources
WARNING:absl:Tensorflow library not found, tensorflow.io.gfile operations will use native shim calls. GCS paths (i.e. 'gs://...') cannot be accessed.
/srv/tmp/kyle/miniconda3/envs/jax/lib/python3.9/site-packages/xarray/core/computation.py:821: RuntimeWarning: invalid value encountered in sqrt
  result_data = func(*input_data)
2025-09-22 19:11:29.834344: W external/xla/xla/service/gpu/nvptx_compiler.cc:765] The NVIDIA driver's CUDA version is 12.2 which is older than the ptxas CUDA version (12.9.86). Because the driver is older than the ptxas version, XLA is disabling parallel compilation, which may slow down compilation. You should update your NVIDIA driver or use the NVIDIA-provided CUDA forward compatibility packages.
/srv/tmp/kyle/miniconda3/envs/jax/lib/python3.9/site-packages/xarray/core/computation.py:821: RuntimeWarning: invalid value encountered in sqrt
  result_data = func(*input_data)
/srv/tmp/kyle/miniconda3/envs/jax/lib/python3.9/site-packages/xarray/core/computation.py:821: RuntimeWarning: invalid value encountered in sqrt
  result_data = func(*input_data)
/srv/tmp/kyle/miniconda3/envs/jax/lib/python3.9/site-packages/xarray/core/computation.py:821: RuntimeWarning: invalid value encountered in sqrt
  result_data = func(*input_data)
WARNING:absl:The `aggregate` option is deprecated and will be ignored.
Welcome to eht-imaging! v 1.2.4 

Producing clean visibilities from movie with direct FT . . . 
Applying Jones Matrices to data . . . 
Adding thermal noise to data . . . 
Applying a priori calibration with estimated Jones matrices . . . 
Splitting Observation File into 64 times
/srv/tmp/kyle/miniconda3/envs/jax/lib/python3.9/site-packages/ehtim/__init__.py:56: UserWarning: pkg_resources is deprecated as an API. See https://setuptools.pypa.io/en/latest/pkg_resources.html. The pkg_resources package is slated for removal as early as 2025-11-30. Refrain from using this package or pin to Setuptools<81.
  import pkg_resources
WARNING:absl:Tensorflow library not found, tensorflow.io.gfile operations will use native shim calls. GCS paths (i.e. 'gs://...') cannot be accessed.
2025-09-22 19:16:26.328854: W external/xla/xla/service/gpu/nvptx_compiler.cc:765] The NVIDIA driver's CUDA version is 12.2 which is older than the ptxas CUDA version (12.9.86). Because the driver is older than the ptxas version, XLA is disabling parallel compilation, which may slow down compilation. You should update your NVIDIA driver or use the NVIDIA-provided CUDA forward compatibility packages.
/srv/tmp/kyle/miniconda3/envs/jax/lib/python3.9/site-packages/xarray/core/computation.py:821: RuntimeWarning: invalid value encountered in sqrt
  result_data = func(*input_data)
/srv/tmp/kyle/miniconda3/envs/jax/lib/python3.9/site-packages/xarray/core/computation.py:821: RuntimeWarning: invalid value encountered in sqrt
  result_data = func(*input_data)
WARNING:absl:The `aggregate` option is deprecated and will be ignored.
Welcome to eht-imaging! v 1.2.4 

Producing clean visibilities from movie with direct FT . . . 
Applying Jones Matrices to data . . . 
Adding thermal noise to data . . . 
Applying a priori calibration with estimated Jones matrices . . . 
Splitting Observation File into 64 times
/srv/tmp/kyle/miniconda3/envs/jax/lib/python3.9/site-packages/ehtim/__init__.py:56: UserWarning: pkg_resources is deprecated as an API. See https://setuptools.pypa.io/en/latest/pkg_resources.html. The pkg_resources package is slated for removal as early as 2025-11-30. Refrain from using this package or pin to Setuptools<81.
  import pkg_resources
WARNING:absl:Tensorflow library not found, tensorflow.io.gfile operations will use native shim calls. GCS paths (i.e. 'gs://...') cannot be accessed.
2025-09-22 19:32:51.155705: W external/xla/xla/service/gpu/nvptx_compiler.cc:765] The NVIDIA driver's CUDA version is 12.2 which is older than the ptxas CUDA version (12.9.86). Because the driver is older than the ptxas version, XLA is disabling parallel compilation, which may slow down compilation. You should update your NVIDIA driver or use the NVIDIA-provided CUDA forward compatibility packages.
/srv/tmp/kyle/miniconda3/envs/jax/lib/python3.9/site-packages/xarray/core/computation.py:821: RuntimeWarning: invalid value encountered in sqrt
  result_data = func(*input_data)
/srv/tmp/kyle/miniconda3/envs/jax/lib/python3.9/site-packages/xarray/core/computation.py:821: RuntimeWarning: invalid value encountered in sqrt
  result_data = func(*input_data)
WARNING:absl:The `aggregate` option is deprecated and will be ignored.
WARNING:absl:The `aggregate` option is deprecated and will be ignored.
Welcome to eht-imaging! v 1.2.4 

Producing clean visibilities from movie with direct FT . . . 
Applying Jones Matrices to data . . . 
Adding thermal noise to data . . . 
Applying a priori calibration with estimated Jones matrices . . . 
Splitting Observation File into 64 times
Welcome to eht-imaging! v 1.2.4 

Producing clean visibilities from movie with direct FT . . . 
Applying Jones Matrices to data . . . 
Adding thermal noise to data . . . 
Applying a priori calibration with estimated Jones matrices . . . 
Splitting Observation File into 64 times
/srv/tmp/kyle/miniconda3/envs/jax/lib/python3.9/site-packages/ehtim/__init__.py:56: UserWarning: pkg_resources is deprecated as an API. See https://setuptools.pypa.io/en/latest/pkg_resources.html. The pkg_resources package is slated for removal as early as 2025-11-30. Refrain from using this package or pin to Setuptools<81.
  import pkg_resources
/srv/tmp/kyle/miniconda3/envs/jax/lib/python3.9/site-packages/ehtim/__init__.py:56: UserWarning: pkg_resources is deprecated as an API. See https://setuptools.pypa.io/en/latest/pkg_resources.html. The pkg_resources package is slated for removal as early as 2025-11-30. Refrain from using this package or pin to Setuptools<81.
  import pkg_resources
WARNING:absl:Tensorflow library not found, tensorflow.io.gfile operations will use native shim calls. GCS paths (i.e. 'gs://...') cannot be accessed.
WARNING:absl:Tensorflow library not found, tensorflow.io.gfile operations will use native shim calls. GCS paths (i.e. 'gs://...') cannot be accessed.
2025-09-22 19:41:14.688447: W external/xla/xla/service/gpu/nvptx_compiler.cc:765] The NVIDIA driver's CUDA version is 12.2 which is older than the ptxas CUDA version (12.9.86). Because the driver is older than the ptxas version, XLA is disabling parallel compilation, which may slow down compilation. You should update your NVIDIA driver or use the NVIDIA-provided CUDA forward compatibility packages.
2025-09-22 19:41:14.688523: W external/xla/xla/service/gpu/nvptx_compiler.cc:765] The NVIDIA driver's CUDA version is 12.2 which is older than the ptxas CUDA version (12.9.86). Because the driver is older than the ptxas version, XLA is disabling parallel compilation, which may slow down compilation. You should update your NVIDIA driver or use the NVIDIA-provided CUDA forward compatibility packages.
/srv/tmp/kyle/miniconda3/envs/jax/lib/python3.9/site-packages/xarray/core/computation.py:821: RuntimeWarning: invalid value encountered in sqrt
  result_data = func(*input_data)
/srv/tmp/kyle/miniconda3/envs/jax/lib/python3.9/site-packages/xarray/core/computation.py:821: RuntimeWarning: invalid value encountered in sqrt
  result_data = func(*input_data)
/srv/tmp/kyle/miniconda3/envs/jax/lib/python3.9/site-packages/xarray/core/computation.py:821: RuntimeWarning: invalid value encountered in sqrt
  result_data = func(*input_data)
/srv/tmp/kyle/miniconda3/envs/jax/lib/python3.9/site-packages/xarray/core/computation.py:821: RuntimeWarning: invalid value encountered in sqrt
  result_data = func(*input_data)
WARNING:absl:The `aggregate` option is deprecated and will be ignored.
Welcome to eht-imaging! v 1.2.4 

Producing clean visibilities from movie with direct FT . . . 
Applying Jones Matrices to data . . . 
Adding thermal noise to data . . . 
Applying a priori calibration with estimated Jones matrices . . . 
Splitting Observation File into 64 times
/srv/tmp/kyle/miniconda3/envs/jax/lib/python3.9/site-packages/ehtim/__init__.py:56: UserWarning: pkg_resources is deprecated as an API. See https://setuptools.pypa.io/en/latest/pkg_resources.html. The pkg_resources package is slated for removal as early as 2025-11-30. Refrain from using this package or pin to Setuptools<81.
  import pkg_resources
WARNING:absl:Tensorflow library not found, tensorflow.io.gfile operations will use native shim calls. GCS paths (i.e. 'gs://...') cannot be accessed.
2025-09-22 19:46:15.526302: W external/xla/xla/service/gpu/nvptx_compiler.cc:765] The NVIDIA driver's CUDA version is 12.2 which is older than the ptxas CUDA version (12.9.86). Because the driver is older than the ptxas version, XLA is disabling parallel compilation, which may slow down compilation. You should update your NVIDIA driver or use the NVIDIA-provided CUDA forward compatibility packages.
/srv/tmp/kyle/miniconda3/envs/jax/lib/python3.9/site-packages/xarray/core/computation.py:821: RuntimeWarning: invalid value encountered in sqrt
  result_data = func(*input_data)
/srv/tmp/kyle/miniconda3/envs/jax/lib/python3.9/site-packages/xarray/core/computation.py:821: RuntimeWarning: invalid value encountered in sqrt
  result_data = func(*input_data)
WARNING:absl:The `aggregate` option is deprecated and will be ignored.
Welcome to eht-imaging! v 1.2.4 

Producing clean visibilities from movie with direct FT . . . 
Applying Jones Matrices to data . . . 
Adding thermal noise to data . . . 
Applying a priori calibration with estimated Jones matrices . . . 
Splitting Observation File into 64 times
/srv/tmp/kyle/miniconda3/envs/jax/lib/python3.9/site-packages/ehtim/__init__.py:56: UserWarning: pkg_resources is deprecated as an API. See https://setuptools.pypa.io/en/latest/pkg_resources.html. The pkg_resources package is slated for removal as early as 2025-11-30. Refrain from using this package or pin to Setuptools<81.
  import pkg_resources
WARNING:absl:Tensorflow library not found, tensorflow.io.gfile operations will use native shim calls. GCS paths (i.e. 'gs://...') cannot be accessed.
2025-09-22 20:02:41.465366: W external/xla/xla/service/gpu/nvptx_compiler.cc:765] The NVIDIA driver's CUDA version is 12.2 which is older than the ptxas CUDA version (12.9.86). Because the driver is older than the ptxas version, XLA is disabling parallel compilation, which may slow down compilation. You should update your NVIDIA driver or use the NVIDIA-provided CUDA forward compatibility packages.
/srv/tmp/kyle/miniconda3/envs/jax/lib/python3.9/site-packages/xarray/core/computation.py:821: RuntimeWarning: invalid value encountered in sqrt
  result_data = func(*input_data)
/srv/tmp/kyle/miniconda3/envs/jax/lib/python3.9/site-packages/xarray/core/computation.py:821: RuntimeWarning: invalid value encountered in sqrt
  result_data = func(*input_data)
WARNING:absl:The `aggregate` option is deprecated and will be ignored.
WARNING:absl:The `aggregate` option is deprecated and will be ignored.
Welcome to eht-imaging! v 1.2.4 

Producing clean visibilities from movie with direct FT . . . 
Applying Jones Matrices to data . . . 
Adding thermal noise to data . . . 
Applying a priori calibration with estimated Jones matrices . . . 
Splitting Observation File into 64 times
Welcome to eht-imaging! v 1.2.4 

Producing clean visibilities from movie with direct FT . . . 
Applying Jones Matrices to data . . . 
Adding thermal noise to data . . . 
Applying a priori calibration with estimated Jones matrices . . . 
Splitting Observation File into 64 times
/srv/tmp/kyle/miniconda3/envs/jax/lib/python3.9/site-packages/ehtim/__init__.py:56: UserWarning: pkg_resources is deprecated as an API. See https://setuptools.pypa.io/en/latest/pkg_resources.html. The pkg_resources package is slated for removal as early as 2025-11-30. Refrain from using this package or pin to Setuptools<81.
  import pkg_resources
/srv/tmp/kyle/miniconda3/envs/jax/lib/python3.9/site-packages/ehtim/__init__.py:56: UserWarning: pkg_resources is deprecated as an API. See https://setuptools.pypa.io/en/latest/pkg_resources.html. The pkg_resources package is slated for removal as early as 2025-11-30. Refrain from using this package or pin to Setuptools<81.
  import pkg_resources
WARNING:absl:Tensorflow library not found, tensorflow.io.gfile operations will use native shim calls. GCS paths (i.e. 'gs://...') cannot be accessed.
WARNING:absl:Tensorflow library not found, tensorflow.io.gfile operations will use native shim calls. GCS paths (i.e. 'gs://...') cannot be accessed.
2025-09-22 20:11:12.609429: W external/xla/xla/service/gpu/nvptx_compiler.cc:765] The NVIDIA driver's CUDA version is 12.2 which is older than the ptxas CUDA version (12.9.86). Because the driver is older than the ptxas version, XLA is disabling parallel compilation, which may slow down compilation. You should update your NVIDIA driver or use the NVIDIA-provided CUDA forward compatibility packages.
2025-09-22 20:11:12.609425: W external/xla/xla/service/gpu/nvptx_compiler.cc:765] The NVIDIA driver's CUDA version is 12.2 which is older than the ptxas CUDA version (12.9.86). Because the driver is older than the ptxas version, XLA is disabling parallel compilation, which may slow down compilation. You should update your NVIDIA driver or use the NVIDIA-provided CUDA forward compatibility packages.
/srv/tmp/kyle/miniconda3/envs/jax/lib/python3.9/site-packages/xarray/core/computation.py:821: RuntimeWarning: invalid value encountered in sqrt
  result_data = func(*input_data)
/srv/tmp/kyle/miniconda3/envs/jax/lib/python3.9/site-packages/xarray/core/computation.py:821: RuntimeWarning: invalid value encountered in sqrt
  result_data = func(*input_data)
/srv/tmp/kyle/miniconda3/envs/jax/lib/python3.9/site-packages/xarray/core/computation.py:821: RuntimeWarning: invalid value encountered in sqrt
  result_data = func(*input_data)
/srv/tmp/kyle/miniconda3/envs/jax/lib/python3.9/site-packages/xarray/core/computation.py:821: RuntimeWarning: invalid value encountered in sqrt
  result_data = func(*input_data)
WARNING:absl:The `aggregate` option is deprecated and will be ignored.
Welcome to eht-imaging! v 1.2.4 

Producing clean visibilities from movie with direct FT . . . 
Applying Jones Matrices to data . . . 
Adding thermal noise to data . . . 
Applying a priori calibration with estimated Jones matrices . . . 
Splitting Observation File into 64 times
/srv/tmp/kyle/miniconda3/envs/jax/lib/python3.9/site-packages/ehtim/__init__.py:56: UserWarning: pkg_resources is deprecated as an API. See https://setuptools.pypa.io/en/latest/pkg_resources.html. The pkg_resources package is slated for removal as early as 2025-11-30. Refrain from using this package or pin to Setuptools<81.
  import pkg_resources
WARNING:absl:Tensorflow library not found, tensorflow.io.gfile operations will use native shim calls. GCS paths (i.e. 'gs://...') cannot be accessed.
2025-09-22 20:16:03.123436: W external/xla/xla/service/gpu/nvptx_compiler.cc:765] The NVIDIA driver's CUDA version is 12.2 which is older than the ptxas CUDA version (12.9.86). Because the driver is older than the ptxas version, XLA is disabling parallel compilation, which may slow down compilation. You should update your NVIDIA driver or use the NVIDIA-provided CUDA forward compatibility packages.
/srv/tmp/kyle/miniconda3/envs/jax/lib/python3.9/site-packages/xarray/core/computation.py:821: RuntimeWarning: invalid value encountered in sqrt
  result_data = func(*input_data)
/srv/tmp/kyle/miniconda3/envs/jax/lib/python3.9/site-packages/xarray/core/computation.py:821: RuntimeWarning: invalid value encountered in sqrt
  result_data = func(*input_data)
WARNING:absl:The `aggregate` option is deprecated and will be ignored.
Welcome to eht-imaging! v 1.2.4 

Producing clean visibilities from movie with direct FT . . . 
Applying Jones Matrices to data . . . 
Adding thermal noise to data . . . 
Applying a priori calibration with estimated Jones matrices . . . 
Splitting Observation File into 64 times
/srv/tmp/kyle/miniconda3/envs/jax/lib/python3.9/site-packages/ehtim/__init__.py:56: UserWarning: pkg_resources is deprecated as an API. See https://setuptools.pypa.io/en/latest/pkg_resources.html. The pkg_resources package is slated for removal as early as 2025-11-30. Refrain from using this package or pin to Setuptools<81.
  import pkg_resources
WARNING:absl:Tensorflow library not found, tensorflow.io.gfile operations will use native shim calls. GCS paths (i.e. 'gs://...') cannot be accessed.
2025-09-22 20:32:25.523023: W external/xla/xla/service/gpu/nvptx_compiler.cc:765] The NVIDIA driver's CUDA version is 12.2 which is older than the ptxas CUDA version (12.9.86). Because the driver is older than the ptxas version, XLA is disabling parallel compilation, which may slow down compilation. You should update your NVIDIA driver or use the NVIDIA-provided CUDA forward compatibility packages.
/srv/tmp/kyle/miniconda3/envs/jax/lib/python3.9/site-packages/xarray/core/computation.py:821: RuntimeWarning: invalid value encountered in sqrt
  result_data = func(*input_data)
/srv/tmp/kyle/miniconda3/envs/jax/lib/python3.9/site-packages/xarray/core/computation.py:821: RuntimeWarning: invalid value encountered in sqrt
  result_data = func(*input_data)
WARNING:absl:The `aggregate` option is deprecated and will be ignored.
Welcome to eht-imaging! v 1.2.4 

Producing clean visibilities from movie with direct FT . . . 
Applying Jones Matrices to data . . . 
Adding thermal noise to data . . . 
Applying a priori calibration with estimated Jones matrices . . . 
Splitting Observation File into 64 times
WARNING:absl:The `aggregate` option is deprecated and will be ignored.
Welcome to eht-imaging! v 1.2.4 

Producing clean visibilities from movie with direct FT . . . 
Applying Jones Matrices to data . . . 
Adding thermal noise to data . . . 
Applying a priori calibration with estimated Jones matrices . . . 
Splitting Observation File into 64 times
/srv/tmp/kyle/miniconda3/envs/jax/lib/python3.9/site-packages/ehtim/__init__.py:56: UserWarning: pkg_resources is deprecated as an API. See https://setuptools.pypa.io/en/latest/pkg_resources.html. The pkg_resources package is slated for removal as early as 2025-11-30. Refrain from using this package or pin to Setuptools<81.
  import pkg_resources
WARNING:absl:Tensorflow library not found, tensorflow.io.gfile operations will use native shim calls. GCS paths (i.e. 'gs://...') cannot be accessed.
2025-09-22 20:40:49.786926: W external/xla/xla/service/gpu/nvptx_compiler.cc:765] The NVIDIA driver's CUDA version is 12.2 which is older than the ptxas CUDA version (12.9.86). Because the driver is older than the ptxas version, XLA is disabling parallel compilation, which may slow down compilation. You should update your NVIDIA driver or use the NVIDIA-provided CUDA forward compatibility packages.
/srv/tmp/kyle/miniconda3/envs/jax/lib/python3.9/site-packages/ehtim/__init__.py:56: UserWarning: pkg_resources is deprecated as an API. See https://setuptools.pypa.io/en/latest/pkg_resources.html. The pkg_resources package is slated for removal as early as 2025-11-30. Refrain from using this package or pin to Setuptools<81.
  import pkg_resources
/srv/tmp/kyle/miniconda3/envs/jax/lib/python3.9/site-packages/xarray/core/computation.py:821: RuntimeWarning: invalid value encountered in sqrt
  result_data = func(*input_data)
WARNING:absl:Tensorflow library not found, tensorflow.io.gfile operations will use native shim calls. GCS paths (i.e. 'gs://...') cannot be accessed.
2025-09-22 20:41:05.129952: W external/xla/xla/service/gpu/nvptx_compiler.cc:765] The NVIDIA driver's CUDA version is 12.2 which is older than the ptxas CUDA version (12.9.86). Because the driver is older than the ptxas version, XLA is disabling parallel compilation, which may slow down compilation. You should update your NVIDIA driver or use the NVIDIA-provided CUDA forward compatibility packages.
/srv/tmp/kyle/miniconda3/envs/jax/lib/python3.9/site-packages/xarray/core/computation.py:821: RuntimeWarning: invalid value encountered in sqrt
  result_data = func(*input_data)
/srv/tmp/kyle/miniconda3/envs/jax/lib/python3.9/site-packages/xarray/core/computation.py:821: RuntimeWarning: invalid value encountered in sqrt
  result_data = func(*input_data)
/srv/tmp/kyle/miniconda3/envs/jax/lib/python3.9/site-packages/xarray/core/computation.py:821: RuntimeWarning: invalid value encountered in sqrt
  result_data = func(*input_data)
WARNING:absl:The `aggregate` option is deprecated and will be ignored.
Welcome to eht-imaging! v 1.2.4 

Producing clean visibilities from movie with direct FT . . . 
Applying Jones Matrices to data . . . 
Adding thermal noise to data . . . 
Applying a priori calibration with estimated Jones matrices . . . 
Splitting Observation File into 64 times
/srv/tmp/kyle/miniconda3/envs/jax/lib/python3.9/site-packages/ehtim/__init__.py:56: UserWarning: pkg_resources is deprecated as an API. See https://setuptools.pypa.io/en/latest/pkg_resources.html. The pkg_resources package is slated for removal as early as 2025-11-30. Refrain from using this package or pin to Setuptools<81.
  import pkg_resources
WARNING:absl:Tensorflow library not found, tensorflow.io.gfile operations will use native shim calls. GCS paths (i.e. 'gs://...') cannot be accessed.
2025-09-22 20:45:45.475247: W external/xla/xla/service/gpu/nvptx_compiler.cc:765] The NVIDIA driver's CUDA version is 12.2 which is older than the ptxas CUDA version (12.9.86). Because the driver is older than the ptxas version, XLA is disabling parallel compilation, which may slow down compilation. You should update your NVIDIA driver or use the NVIDIA-provided CUDA forward compatibility packages.
/srv/tmp/kyle/miniconda3/envs/jax/lib/python3.9/site-packages/xarray/core/computation.py:821: RuntimeWarning: invalid value encountered in sqrt
  result_data = func(*input_data)
/srv/tmp/kyle/miniconda3/envs/jax/lib/python3.9/site-packages/xarray/core/computation.py:821: RuntimeWarning: invalid value encountered in sqrt
  result_data = func(*input_data)
WARNING:absl:The `aggregate` option is deprecated and will be ignored.
Welcome to eht-imaging! v 1.2.4 

Producing clean visibilities from movie with direct FT . . . 
Applying Jones Matrices to data . . . 
Adding thermal noise to data . . . 
Applying a priori calibration with estimated Jones matrices . . . 
Splitting Observation File into 64 times
/srv/tmp/kyle/miniconda3/envs/jax/lib/python3.9/site-packages/ehtim/__init__.py:56: UserWarning: pkg_resources is deprecated as an API. See https://setuptools.pypa.io/en/latest/pkg_resources.html. The pkg_resources package is slated for removal as early as 2025-11-30. Refrain from using this package or pin to Setuptools<81.
  import pkg_resources
WARNING:absl:Tensorflow library not found, tensorflow.io.gfile operations will use native shim calls. GCS paths (i.e. 'gs://...') cannot be accessed.
2025-09-22 21:02:02.133025: W external/xla/xla/service/gpu/nvptx_compiler.cc:765] The NVIDIA driver's CUDA version is 12.2 which is older than the ptxas CUDA version (12.9.86). Because the driver is older than the ptxas version, XLA is disabling parallel compilation, which may slow down compilation. You should update your NVIDIA driver or use the NVIDIA-provided CUDA forward compatibility packages.
/srv/tmp/kyle/miniconda3/envs/jax/lib/python3.9/site-packages/xarray/core/computation.py:821: RuntimeWarning: invalid value encountered in sqrt
  result_data = func(*input_data)
/srv/tmp/kyle/miniconda3/envs/jax/lib/python3.9/site-packages/xarray/core/computation.py:821: RuntimeWarning: invalid value encountered in sqrt
  result_data = func(*input_data)
WARNING:absl:The `aggregate` option is deprecated and will be ignored.
Welcome to eht-imaging! v 1.2.4 

Producing clean visibilities from movie with direct FT . . . 
Applying Jones Matrices to data . . . 
Adding thermal noise to data . . . 
Applying a priori calibration with estimated Jones matrices . . . 
Splitting Observation File into 64 times
WARNING:absl:The `aggregate` option is deprecated and will be ignored.
Welcome to eht-imaging! v 1.2.4 

Producing clean visibilities from movie with direct FT . . . 
Applying Jones Matrices to data . . . 
Adding thermal noise to data . . . 
Applying a priori calibration with estimated Jones matrices . . . 
Splitting Observation File into 64 times
/srv/tmp/kyle/miniconda3/envs/jax/lib/python3.9/site-packages/ehtim/__init__.py:56: UserWarning: pkg_resources is deprecated as an API. See https://setuptools.pypa.io/en/latest/pkg_resources.html. The pkg_resources package is slated for removal as early as 2025-11-30. Refrain from using this package or pin to Setuptools<81.
  import pkg_resources
WARNING:absl:Tensorflow library not found, tensorflow.io.gfile operations will use native shim calls. GCS paths (i.e. 'gs://...') cannot be accessed.
2025-09-22 21:10:32.793020: W external/xla/xla/service/gpu/nvptx_compiler.cc:765] The NVIDIA driver's CUDA version is 12.2 which is older than the ptxas CUDA version (12.9.86). Because the driver is older than the ptxas version, XLA is disabling parallel compilation, which may slow down compilation. You should update your NVIDIA driver or use the NVIDIA-provided CUDA forward compatibility packages.
/srv/tmp/kyle/miniconda3/envs/jax/lib/python3.9/site-packages/ehtim/__init__.py:56: UserWarning: pkg_resources is deprecated as an API. See https://setuptools.pypa.io/en/latest/pkg_resources.html. The pkg_resources package is slated for removal as early as 2025-11-30. Refrain from using this package or pin to Setuptools<81.
  import pkg_resources
WARNING:absl:Tensorflow library not found, tensorflow.io.gfile operations will use native shim calls. GCS paths (i.e. 'gs://...') cannot be accessed.
/srv/tmp/kyle/miniconda3/envs/jax/lib/python3.9/site-packages/xarray/core/computation.py:821: RuntimeWarning: invalid value encountered in sqrt
  result_data = func(*input_data)
2025-09-22 21:10:44.404356: W external/xla/xla/service/gpu/nvptx_compiler.cc:765] The NVIDIA driver's CUDA version is 12.2 which is older than the ptxas CUDA version (12.9.86). Because the driver is older than the ptxas version, XLA is disabling parallel compilation, which may slow down compilation. You should update your NVIDIA driver or use the NVIDIA-provided CUDA forward compatibility packages.
/srv/tmp/kyle/miniconda3/envs/jax/lib/python3.9/site-packages/xarray/core/computation.py:821: RuntimeWarning: invalid value encountered in sqrt
  result_data = func(*input_data)
/srv/tmp/kyle/miniconda3/envs/jax/lib/python3.9/site-packages/xarray/core/computation.py:821: RuntimeWarning: invalid value encountered in sqrt
  result_data = func(*input_data)
/srv/tmp/kyle/miniconda3/envs/jax/lib/python3.9/site-packages/xarray/core/computation.py:821: RuntimeWarning: invalid value encountered in sqrt
  result_data = func(*input_data)
WARNING:absl:The `aggregate` option is deprecated and will be ignored.
Welcome to eht-imaging! v 1.2.4 

Producing clean visibilities from movie with direct FT . . . 
Applying Jones Matrices to data . . . 
Adding thermal noise to data . . . 
Applying a priori calibration with estimated Jones matrices . . . 
Splitting Observation File into 64 times
/srv/tmp/kyle/miniconda3/envs/jax/lib/python3.9/site-packages/ehtim/__init__.py:56: UserWarning: pkg_resources is deprecated as an API. See https://setuptools.pypa.io/en/latest/pkg_resources.html. The pkg_resources package is slated for removal as early as 2025-11-30. Refrain from using this package or pin to Setuptools<81.
  import pkg_resources
WARNING:absl:Tensorflow library not found, tensorflow.io.gfile operations will use native shim calls. GCS paths (i.e. 'gs://...') cannot be accessed.
2025-09-22 21:15:22.960341: W external/xla/xla/service/gpu/nvptx_compiler.cc:765] The NVIDIA driver's CUDA version is 12.2 which is older than the ptxas CUDA version (12.9.86). Because the driver is older than the ptxas version, XLA is disabling parallel compilation, which may slow down compilation. You should update your NVIDIA driver or use the NVIDIA-provided CUDA forward compatibility packages.
/srv/tmp/kyle/miniconda3/envs/jax/lib/python3.9/site-packages/xarray/core/computation.py:821: RuntimeWarning: invalid value encountered in sqrt
  result_data = func(*input_data)
/srv/tmp/kyle/miniconda3/envs/jax/lib/python3.9/site-packages/xarray/core/computation.py:821: RuntimeWarning: invalid value encountered in sqrt
  result_data = func(*input_data)
WARNING:absl:The `aggregate` option is deprecated and will be ignored.
Welcome to eht-imaging! v 1.2.4 

Producing clean visibilities from movie with direct FT . . . 
Applying Jones Matrices to data . . . 
Adding thermal noise to data . . . 
Applying a priori calibration with estimated Jones matrices . . . 
Splitting Observation File into 64 times
/srv/tmp/kyle/miniconda3/envs/jax/lib/python3.9/site-packages/ehtim/__init__.py:56: UserWarning: pkg_resources is deprecated as an API. See https://setuptools.pypa.io/en/latest/pkg_resources.html. The pkg_resources package is slated for removal as early as 2025-11-30. Refrain from using this package or pin to Setuptools<81.
  import pkg_resources
WARNING:absl:Tensorflow library not found, tensorflow.io.gfile operations will use native shim calls. GCS paths (i.e. 'gs://...') cannot be accessed.
2025-09-22 21:31:43.170675: W external/xla/xla/service/gpu/nvptx_compiler.cc:765] The NVIDIA driver's CUDA version is 12.2 which is older than the ptxas CUDA version (12.9.86). Because the driver is older than the ptxas version, XLA is disabling parallel compilation, which may slow down compilation. You should update your NVIDIA driver or use the NVIDIA-provided CUDA forward compatibility packages.
/srv/tmp/kyle/miniconda3/envs/jax/lib/python3.9/site-packages/xarray/core/computation.py:821: RuntimeWarning: invalid value encountered in sqrt
  result_data = func(*input_data)
/srv/tmp/kyle/miniconda3/envs/jax/lib/python3.9/site-packages/xarray/core/computation.py:821: RuntimeWarning: invalid value encountered in sqrt
  result_data = func(*input_data)
WARNING:absl:The `aggregate` option is deprecated and will be ignored.
Welcome to eht-imaging! v 1.2.4 

Producing clean visibilities from movie with direct FT . . . 
Applying Jones Matrices to data . . . 
Adding thermal noise to data . . . 
Applying a priori calibration with estimated Jones matrices . . . 
Splitting Observation File into 64 times
WARNING:absl:The `aggregate` option is deprecated and will be ignored.
Welcome to eht-imaging! v 1.2.4 

Producing clean visibilities from movie with direct FT . . . 
Applying Jones Matrices to data . . . 
Adding thermal noise to data . . . 
Applying a priori calibration with estimated Jones matrices . . . 
Splitting Observation File into 64 times
/srv/tmp/kyle/miniconda3/envs/jax/lib/python3.9/site-packages/ehtim/__init__.py:56: UserWarning: pkg_resources is deprecated as an API. See https://setuptools.pypa.io/en/latest/pkg_resources.html. The pkg_resources package is slated for removal as early as 2025-11-30. Refrain from using this package or pin to Setuptools<81.
  import pkg_resources
WARNING:absl:Tensorflow library not found, tensorflow.io.gfile operations will use native shim calls. GCS paths (i.e. 'gs://...') cannot be accessed.
2025-09-22 21:40:08.424232: W external/xla/xla/service/gpu/nvptx_compiler.cc:765] The NVIDIA driver's CUDA version is 12.2 which is older than the ptxas CUDA version (12.9.86). Because the driver is older than the ptxas version, XLA is disabling parallel compilation, which may slow down compilation. You should update your NVIDIA driver or use the NVIDIA-provided CUDA forward compatibility packages.
/srv/tmp/kyle/miniconda3/envs/jax/lib/python3.9/site-packages/ehtim/__init__.py:56: UserWarning: pkg_resources is deprecated as an API. See https://setuptools.pypa.io/en/latest/pkg_resources.html. The pkg_resources package is slated for removal as early as 2025-11-30. Refrain from using this package or pin to Setuptools<81.
  import pkg_resources
WARNING:absl:Tensorflow library not found, tensorflow.io.gfile operations will use native shim calls. GCS paths (i.e. 'gs://...') cannot be accessed.
/srv/tmp/kyle/miniconda3/envs/jax/lib/python3.9/site-packages/xarray/core/computation.py:821: RuntimeWarning: invalid value encountered in sqrt
  result_data = func(*input_data)
2025-09-22 21:40:17.777868: W external/xla/xla/service/gpu/nvptx_compiler.cc:765] The NVIDIA driver's CUDA version is 12.2 which is older than the ptxas CUDA version (12.9.86). Because the driver is older than the ptxas version, XLA is disabling parallel compilation, which may slow down compilation. You should update your NVIDIA driver or use the NVIDIA-provided CUDA forward compatibility packages.
/srv/tmp/kyle/miniconda3/envs/jax/lib/python3.9/site-packages/xarray/core/computation.py:821: RuntimeWarning: invalid value encountered in sqrt
  result_data = func(*input_data)
/srv/tmp/kyle/miniconda3/envs/jax/lib/python3.9/site-packages/xarray/core/computation.py:821: RuntimeWarning: invalid value encountered in sqrt
  result_data = func(*input_data)
/srv/tmp/kyle/miniconda3/envs/jax/lib/python3.9/site-packages/xarray/core/computation.py:821: RuntimeWarning: invalid value encountered in sqrt
  result_data = func(*input_data)
WARNING:absl:The `aggregate` option is deprecated and will be ignored.
Welcome to eht-imaging! v 1.2.4 

Producing clean visibilities from movie with direct FT . . . 
Applying Jones Matrices to data . . . 
Adding thermal noise to data . . . 
Applying a priori calibration with estimated Jones matrices . . . 
Splitting Observation File into 64 times
/srv/tmp/kyle/miniconda3/envs/jax/lib/python3.9/site-packages/ehtim/__init__.py:56: UserWarning: pkg_resources is deprecated as an API. See https://setuptools.pypa.io/en/latest/pkg_resources.html. The pkg_resources package is slated for removal as early as 2025-11-30. Refrain from using this package or pin to Setuptools<81.
  import pkg_resources
WARNING:absl:Tensorflow library not found, tensorflow.io.gfile operations will use native shim calls. GCS paths (i.e. 'gs://...') cannot be accessed.
2025-09-22 21:44:59.470625: W external/xla/xla/service/gpu/nvptx_compiler.cc:765] The NVIDIA driver's CUDA version is 12.2 which is older than the ptxas CUDA version (12.9.86). Because the driver is older than the ptxas version, XLA is disabling parallel compilation, which may slow down compilation. You should update your NVIDIA driver or use the NVIDIA-provided CUDA forward compatibility packages.
/srv/tmp/kyle/miniconda3/envs/jax/lib/python3.9/site-packages/xarray/core/computation.py:821: RuntimeWarning: invalid value encountered in sqrt
  result_data = func(*input_data)
/srv/tmp/kyle/miniconda3/envs/jax/lib/python3.9/site-packages/xarray/core/computation.py:821: RuntimeWarning: invalid value encountered in sqrt
  result_data = func(*input_data)
WARNING:absl:The `aggregate` option is deprecated and will be ignored.
Welcome to eht-imaging! v 1.2.4 

Producing clean visibilities from movie with direct FT . . . 
Applying Jones Matrices to data . . . 
Adding thermal noise to data . . . 
Applying a priori calibration with estimated Jones matrices . . . 
Splitting Observation File into 64 times
/srv/tmp/kyle/miniconda3/envs/jax/lib/python3.9/site-packages/ehtim/__init__.py:56: UserWarning: pkg_resources is deprecated as an API. See https://setuptools.pypa.io/en/latest/pkg_resources.html. The pkg_resources package is slated for removal as early as 2025-11-30. Refrain from using this package or pin to Setuptools<81.
  import pkg_resources
WARNING:absl:Tensorflow library not found, tensorflow.io.gfile operations will use native shim calls. GCS paths (i.e. 'gs://...') cannot be accessed.
2025-09-22 22:01:27.076754: W external/xla/xla/service/gpu/nvptx_compiler.cc:765] The NVIDIA driver's CUDA version is 12.2 which is older than the ptxas CUDA version (12.9.86). Because the driver is older than the ptxas version, XLA is disabling parallel compilation, which may slow down compilation. You should update your NVIDIA driver or use the NVIDIA-provided CUDA forward compatibility packages.
/srv/tmp/kyle/miniconda3/envs/jax/lib/python3.9/site-packages/xarray/core/computation.py:821: RuntimeWarning: invalid value encountered in sqrt
  result_data = func(*input_data)
/srv/tmp/kyle/miniconda3/envs/jax/lib/python3.9/site-packages/xarray/core/computation.py:821: RuntimeWarning: invalid value encountered in sqrt
  result_data = func(*input_data)
WARNING:absl:The `aggregate` option is deprecated and will be ignored.
Welcome to eht-imaging! v 1.2.4 

Producing clean visibilities from movie with direct FT . . . 
Applying Jones Matrices to data . . . 
Adding thermal noise to data . . . 
Applying a priori calibration with estimated Jones matrices . . . 
Splitting Observation File into 64 times
WARNING:absl:The `aggregate` option is deprecated and will be ignored.
Welcome to eht-imaging! v 1.2.4 

Producing clean visibilities from movie with direct FT . . . 
Applying Jones Matrices to data . . . 
Adding thermal noise to data . . . 
Applying a priori calibration with estimated Jones matrices . . . 
Splitting Observation File into 64 times
WARNING:absl:The `aggregate` option is deprecated and will be ignored.
Welcome to eht-imaging! v 1.2.4 

Producing clean visibilities from movie with direct FT . . . 
Applying Jones Matrices to data . . . 
Adding thermal noise to data . . . 
Applying a priori calibration with estimated Jones matrices . . . 
Splitting Observation File into 64 times
WARNING:absl:The `aggregate` option is deprecated and will be ignored.
Welcome to eht-imaging! v 1.2.4 

Producing clean visibilities from movie with direct FT . . . 
Applying Jones Matrices to data . . . 
Adding thermal noise to data . . . 
Applying a priori calibration with estimated Jones matrices . . . 
Splitting Observation File into 64 times
